epoch,step,train_loss
0,0,64.68956756591797
1,0,49.234405517578125
