epoch,step,train_loss
0,0,19.614004135131836
1,0,17.881345748901367
