epoch,step,train_loss
0,0,68.10581970214844
1,0,51.798095703125
