epoch,step,train_loss
0,0,18.105003356933594
1,0,17.12601089477539
