epoch,step,train_loss
0,0,29.45724868774414
1,0,28.540233612060547
