epoch,step,train_loss
0,0,30.50465965270996
1,0,29.107505798339844
