{
  "k": 16,
  "total_params": 1000000,
  "scheduler": "max",
  "epochs": 2,
  "seq_len": 128,
  "batch_size": 12,
  "lr": 0.0003,
  "weight_decay": 0.1,
  "vocab_size": 32000,
  "max_train_batches": 1,
  "max_eval_batches": 1,
  "compile": false,
  "num_workers": 2,
  "auto_batch_by_k": false,
  "active_column_fraction": 1.0,
  "effective_train_batch_size": 12,
  "effective_eval_batch_size": 12,
  "active_column_count": 16,
  "train_sequences_seen": 24,
  "train_tokens_seen": 3072,
  "eval_sequences_seen": 12,
  "eval_tokens_seen": 1536,
  "d_model": 72,
  "ensemble_loss": 26.97866439819336,
  "avg_individual_loss": 35.12360763549805,
  "ensemble_gain": 8.144943237304688,
  "member_certainty_mean": 0.6654985547065735,
  "member_certainty_min": 0.6331841945648193,
  "member_certainty_max": 0.6857824325561523,
  "member_certainty_std": 0.013445474207401276,
  "prediction_dissimilarity_kl": 2.132448673248291,
  "member_certainty_by_index": [
    0.6331841945648193,
    0.6531571745872498,
    0.6658719182014465,
    0.682895839214325,
    0.6610778570175171,
    0.6644970178604126,
    0.659369170665741,
    0.6682807803153992,
    0.6813409328460693,
    0.6741341352462769,
    0.6754268407821655,
    0.6857824325561523,
    0.6466439366340637,
    0.6590221524238586,
    0.6747488975524902,
    0.6625436544418335
  ],
  "most_certain_member_index": 11,
  "least_certain_member_index": 0,
  "member_certainty_range": 0.05259823799133301,
  "member_certainty_observed_count_min": 1,
  "member_certainty_observed_count_max": 1
}