{
  "k": 64,
  "total_params": 1000000,
  "scheduler": "max",
  "epochs": 2,
  "seq_len": 128,
  "batch_size": 12,
  "lr": 0.0003,
  "weight_decay": 0.1,
  "vocab_size": 32000,
  "max_train_batches": 1,
  "max_eval_batches": 1,
  "compile": false,
  "num_workers": 2,
  "auto_batch_by_k": false,
  "active_column_fraction": 1.0,
  "effective_train_batch_size": 12,
  "effective_eval_batch_size": 12,
  "active_column_count": 64,
  "train_sequences_seen": 24,
  "train_tokens_seen": 3072,
  "eval_sequences_seen": 12,
  "eval_tokens_seen": 1536,
  "d_model": 36,
  "ensemble_loss": 16.54749298095703,
  "avg_individual_loss": 25.25265121459961,
  "ensemble_gain": 8.705158233642578,
  "member_certainty_mean": 0.4851001799106598,
  "member_certainty_min": 0.44020146131515503,
  "member_certainty_max": 0.561737596988678,
  "member_certainty_std": 0.02308577485382557,
  "prediction_dissimilarity_kl": 3.5616817474365234,
  "member_certainty_by_index": [
    0.4988246560096741,
    0.5080699920654297,
    0.4958324432373047,
    0.5164231657981873,
    0.4833917021751404,
    0.5261013507843018,
    0.45849138498306274,
    0.45897769927978516,
    0.4768464267253876,
    0.4929041862487793,
    0.49320560693740845,
    0.4943690896034241,
    0.49626582860946655,
    0.5005776286125183,
    0.46735113859176636,
    0.4775717258453369,
    0.46549472212791443,
    0.4581150412559509,
    0.4468444585800171,
    0.482011079788208,
    0.5229742527008057,
    0.46219807863235474,
    0.49085769057273865,
    0.47853732109069824,
    0.4426543116569519,
    0.500942587852478,
    0.4970191419124603,
    0.4946482181549072,
    0.49081581830978394,
    0.4675162434577942,
    0.44020146131515503,
    0.49667295813560486,
    0.4595760107040405,
    0.488332599401474,
    0.4821256995201111,
    0.44729194045066833,
    0.5059711933135986,
    0.4760056436061859,
    0.561737596988678,
    0.5240726470947266,
    0.5012322664260864,
    0.4793824553489685,
    0.5090934634208679,
    0.47117090225219727,
    0.4866451621055603,
    0.48627281188964844,
    0.46292567253112793,
    0.4873311519622803,
    0.4869409203529358,
    0.47868525981903076,
    0.4835938811302185,
    0.5064210295677185,
    0.5055594444274902,
    0.486053466796875,
    0.4854251742362976,
    0.4463406205177307,
    0.45801517367362976,
    0.4653701186180115,
    0.4870348870754242,
    0.5242146253585815,
    0.4803847670555115,
    0.5171360373497009,
    0.4596513509750366,
    0.46370929479599
  ],
  "most_certain_member_index": 38,
  "least_certain_member_index": 30,
  "member_certainty_range": 0.12153613567352295,
  "member_certainty_observed_count_min": 1,
  "member_certainty_observed_count_max": 1
}