{
  "k": 16,
  "total_params": 10000000,
  "scheduler": "max",
  "epochs": 2,
  "seq_len": 128,
  "batch_size": 12,
  "lr": 0.0003,
  "weight_decay": 0.1,
  "vocab_size": 32000,
  "max_train_batches": 1,
  "max_eval_batches": 1,
  "compile": false,
  "num_workers": 2,
  "auto_batch_by_k": false,
  "active_column_fraction": 1.0,
  "effective_train_batch_size": 12,
  "effective_eval_batch_size": 12,
  "active_column_count": 16,
  "train_sequences_seen": 24,
  "train_tokens_seen": 3072,
  "eval_sequences_seen": 12,
  "eval_tokens_seen": 1536,
  "d_model": 228,
  "ensemble_loss": 42.00407791137695,
  "avg_individual_loss": 63.0111198425293,
  "ensemble_gain": 21.007041931152344,
  "member_certainty_mean": 0.8575888276100159,
  "member_certainty_min": 0.7942926287651062,
  "member_certainty_max": 0.9841312766075134,
  "member_certainty_std": 0.05857815220952034,
  "prediction_dissimilarity_kl": 1.7622569799423218,
  "member_certainty_by_index": [
    0.8396624326705933,
    0.8302428722381592,
    0.842272162437439,
    0.8424915671348572,
    0.8203600645065308,
    0.7942926287651062,
    0.8224048614501953,
    0.8290573954582214,
    0.8366917967796326,
    0.8733453154563904,
    0.9820858240127563,
    0.9575004577636719,
    0.9841312766075134,
    0.8239647746086121,
    0.8230878710746765,
    0.8198304176330566
  ],
  "most_certain_member_index": 12,
  "least_certain_member_index": 5,
  "member_certainty_range": 0.18983864784240723,
  "member_certainty_observed_count_min": 1,
  "member_certainty_observed_count_max": 1
}