{
  "k": 16,
  "total_params": 10000000,
  "scheduler": "min",
  "epochs": 2,
  "seq_len": 128,
  "batch_size": 12,
  "lr": 0.0003,
  "weight_decay": 0.1,
  "vocab_size": 32000,
  "max_train_batches": 1,
  "max_eval_batches": 1,
  "compile": false,
  "num_workers": 2,
  "auto_batch_by_k": false,
  "active_column_fraction": 1.0,
  "effective_train_batch_size": 12,
  "effective_eval_batch_size": 12,
  "active_column_count": 16,
  "train_sequences_seen": 24,
  "train_tokens_seen": 3072,
  "eval_sequences_seen": 12,
  "eval_tokens_seen": 1536,
  "d_model": 228,
  "ensemble_loss": 44.72515106201172,
  "avg_individual_loss": 58.61799240112305,
  "ensemble_gain": 13.892841339111328,
  "member_certainty_mean": 0.8134591579437256,
  "member_certainty_min": 0.7591463923454285,
  "member_certainty_max": 0.9430751800537109,
  "member_certainty_std": 0.05800608918070793,
  "prediction_dissimilarity_kl": 1.6868813037872314,
  "member_certainty_by_index": [
    0.8106200098991394,
    0.7896456718444824,
    0.8019639849662781,
    0.8093835711479187,
    0.7955175638198853,
    0.7699493169784546,
    0.7807259559631348,
    0.7698327302932739,
    0.7889341711997986,
    0.7652875185012817,
    0.7591463923454285,
    0.7819454669952393,
    0.8049384951591492,
    0.9057738184928894,
    0.9386062622070312,
    0.9430751800537109
  ],
  "most_certain_member_index": 15,
  "least_certain_member_index": 10,
  "member_certainty_range": 0.18392878770828247,
  "member_certainty_observed_count_min": 1,
  "member_certainty_observed_count_max": 1
}