{
  "k": 16,
  "total_params": 1000000,
  "scheduler": "min",
  "epochs": 2,
  "seq_len": 128,
  "batch_size": 12,
  "lr": 0.0003,
  "weight_decay": 0.1,
  "vocab_size": 32000,
  "max_train_batches": 1,
  "max_eval_batches": 1,
  "compile": false,
  "num_workers": 2,
  "auto_batch_by_k": false,
  "active_column_fraction": 1.0,
  "effective_train_batch_size": 12,
  "effective_eval_batch_size": 12,
  "active_column_count": 16,
  "train_sequences_seen": 24,
  "train_tokens_seen": 3072,
  "eval_sequences_seen": 12,
  "eval_tokens_seen": 1536,
  "d_model": 72,
  "ensemble_loss": 28.02130699157715,
  "avg_individual_loss": 34.731441497802734,
  "ensemble_gain": 6.710134506225586,
  "member_certainty_mean": 0.6589658260345459,
  "member_certainty_min": 0.6346918344497681,
  "member_certainty_max": 0.6744359731674194,
  "member_certainty_std": 0.011256786063313484,
  "prediction_dissimilarity_kl": 1.8609799146652222,
  "member_certainty_by_index": [
    0.6744359731674194,
    0.6574673652648926,
    0.6607171893119812,
    0.659095823764801,
    0.6701549887657166,
    0.6556707620620728,
    0.6346918344497681,
    0.659725546836853,
    0.6592931151390076,
    0.6717330813407898,
    0.6605249643325806,
    0.671870231628418,
    0.6672183871269226,
    0.6589042544364929,
    0.6431413292884827,
    0.6388078331947327
  ],
  "most_certain_member_index": 0,
  "least_certain_member_index": 6,
  "member_certainty_range": 0.03974413871765137,
  "member_certainty_observed_count_min": 1,
  "member_certainty_observed_count_max": 1
}