{
  "k": 64,
  "total_params": 1000000,
  "scheduler": "min",
  "epochs": 2,
  "seq_len": 128,
  "batch_size": 12,
  "lr": 0.0003,
  "weight_decay": 0.1,
  "vocab_size": 32000,
  "max_train_batches": 1,
  "max_eval_batches": 1,
  "compile": false,
  "num_workers": 2,
  "auto_batch_by_k": false,
  "active_column_fraction": 1.0,
  "effective_train_batch_size": 12,
  "effective_eval_batch_size": 12,
  "active_column_count": 64,
  "train_sequences_seen": 24,
  "train_tokens_seen": 3072,
  "eval_sequences_seen": 12,
  "eval_tokens_seen": 1536,
  "d_model": 36,
  "ensemble_loss": 17.351520538330078,
  "avg_individual_loss": 24.502899169921875,
  "ensemble_gain": 7.151378631591797,
  "member_certainty_mean": 0.4683768153190613,
  "member_certainty_min": 0.4049564301967621,
  "member_certainty_max": 0.540164589881897,
  "member_certainty_std": 0.026540551334619522,
  "prediction_dissimilarity_kl": 3.081052303314209,
  "member_certainty_by_index": [
    0.45369094610214233,
    0.45585721731185913,
    0.45099958777427673,
    0.47434180974960327,
    0.48781704902648926,
    0.5175358653068542,
    0.4968821406364441,
    0.49027514457702637,
    0.540164589881897,
    0.5021270513534546,
    0.4977044463157654,
    0.48830220103263855,
    0.5094349384307861,
    0.4856839179992676,
    0.4890248775482178,
    0.4752987325191498,
    0.4755149483680725,
    0.46455904841423035,
    0.46986255049705505,
    0.47095566987991333,
    0.44060397148132324,
    0.4220486581325531,
    0.4324975907802582,
    0.4739990234375,
    0.42261379957199097,
    0.4049564301967621,
    0.41435107588768005,
    0.4263031482696533,
    0.4505292773246765,
    0.48194432258605957,
    0.467960923910141,
    0.4445551335811615,
    0.45156824588775635,
    0.41458210349082947,
    0.46118026971817017,
    0.5174480676651001,
    0.49849003553390503,
    0.4913598895072937,
    0.47242581844329834,
    0.4754663407802582,
    0.4884033203125,
    0.5092126727104187,
    0.4703567922115326,
    0.4801863133907318,
    0.47220510244369507,
    0.4741147458553314,
    0.4599839150905609,
    0.47497129440307617,
    0.4507768750190735,
    0.4550493657588959,
    0.4478762149810791,
    0.4650418162345886,
    0.47358760237693787,
    0.4679883122444153,
    0.47706732153892517,
    0.47183042764663696,
    0.46493685245513916,
    0.4427124857902527,
    0.4167444109916687,
    0.47307175397872925,
    0.46707427501678467,
    0.46110138297080994,
    0.4793962240219116,
    0.4715110957622528
  ],
  "most_certain_member_index": 8,
  "least_certain_member_index": 25,
  "member_certainty_range": 0.1352081596851349,
  "member_certainty_observed_count_min": 1,
  "member_certainty_observed_count_max": 1
}