{
  "k": 64,
  "total_params": 1000000,
  "scheduler": "min",
  "epochs": 2,
  "seq_len": 128,
  "batch_size": 64,
  "lr": 0.0003,
  "weight_decay": 0.1,
  "vocab_size": 32000,
  "max_train_batches": 512,
  "max_eval_batches": 128,
  "compile": false,
  "num_workers": 2,
  "auto_batch_by_k": true,
  "effective_train_batch_size": 8,
  "effective_eval_batch_size": 1,
  "d_model": 36,
  "ensemble_loss": 7.650863096117973,
  "avg_individual_loss": 17.46458405989688,
  "ensemble_gain": 9.813720963778906,
  "member_certainty_mean": 0.3346978861372918,
  "member_certainty_min": 0.04014883736090269,
  "member_certainty_max": 0.8882180410437286,
  "member_certainty_std": 0.24357587285339832,
  "prediction_dissimilarity_kl": 3.0268995240330696,
  "member_certainty_by_index": [
    0.3469648063182831,
    0.6675764918327332,
    0.48320472240448,
    0.1456809788942337,
    0.05500572919845581,
    0.16434544324874878,
    0.6847180724143982,
    0.4560993015766144,
    0.3122825622558594,
    0.48422151803970337,
    0.30570220947265625,
    0.10747291147708893,
    0.17740178108215332,
    0.09001240134239197,
    0.062338363379240036,
    0.12036412209272385,
    0.11414188891649246,
    0.08385452628135681,
    0.2934550344944,
    0.17630422115325928,
    0.3765632212162018,
    0.39596980810165405,
    0.32681748270988464,
    0.4586246609687805,
    0.7754557132720947,
    0.7490198016166687,
    0.20501819252967834,
    0.07320771366357803,
    0.055854953825473785,
    0.5056816935539246,
    0.5873939990997314,
    0.25075674057006836,
    0.2274499088525772,
    0.8157817125320435,
    0.2992708086967468,
    0.8637441992759705,
    0.8864550590515137,
    0.5810266733169556,
    0.15361295640468597,
    0.349018931388855,
    0.307644248008728,
    0.32023727893829346,
    0.47280752658843994,
    0.05250660702586174,
    0.11459732800722122,
    0.823135256767273,
    0.8532131314277649,
    0.36801695823669434,
    0.1563694030046463,
    0.32360973954200745,
    0.4592527747154236,
    0.5165203213691711,
    0.05554984509944916,
    0.07234743982553482,
    0.18827484548091888,
    0.08940759301185608,
    0.06091969832777977,
    0.05820790305733681,
    0.045160531997680664,
    0.48693302273750305,
    0.5346205234527588,
    0.40786293148994446,
    0.15623632073402405,
    0.22936150431632996
  ],
  "most_certain_member_index": 36,
  "least_certain_member_index": 58,
  "member_certainty_range": 0.841294527053833
}