{
  "k": 16,
  "total_params": 10000000,
  "scheduler": "min",
  "epochs": 2,
  "seq_len": 128,
  "batch_size": 64,
  "lr": 0.0003,
  "weight_decay": 0.1,
  "vocab_size": 32000,
  "max_train_batches": 512,
  "max_eval_batches": 128,
  "compile": false,
  "num_workers": 2,
  "auto_batch_by_k": true,
  "effective_train_batch_size": 16,
  "effective_eval_batch_size": 4,
  "d_model": 228,
  "ensemble_loss": 7.276775386184454,
  "avg_individual_loss": 29.941314241848886,
  "ensemble_gain": 22.664538855664432,
  "member_certainty_mean": 0.27291559777222574,
  "member_certainty_min": 0.07965281867654994,
  "member_certainty_max": 0.6041648373939097,
  "member_certainty_std": 0.15655462455470115,
  "prediction_dissimilarity_kl": 2.4417322892695665,
  "member_certainty_by_index": [
    0.6041649580001831,
    0.25761210918426514,
    0.20496417582035065,
    0.21027758717536926,
    0.3784356415271759,
    0.14852024614810944,
    0.4447932541370392,
    0.380354106426239,
    0.38825586438179016,
    0.11336740851402283,
    0.1815522015094757,
    0.10827408730983734,
    0.5044823884963989,
    0.25491273403167725,
    0.07970841974020004,
    0.10697446763515472
  ],
  "most_certain_member_index": 0,
  "least_certain_member_index": 14,
  "member_certainty_range": 0.5244565382599831
}