{
  "k": 128,
  "total_params": 10000000,
  "scheduler": "max",
  "epochs": 2,
  "seq_len": 128,
  "batch_size": 64,
  "lr": 0.0003,
  "weight_decay": 0.1,
  "vocab_size": 32000,
  "max_train_batches": 128,
  "max_eval_batches": 64,
  "compile": false,
  "num_workers": 2,
  "auto_batch_by_k": true,
  "effective_train_batch_size": 2,
  "effective_eval_batch_size": 1,
  "d_model": 80,
  "ensemble_loss": 9.190511979162693,
  "avg_individual_loss": 29.618681226857007,
  "ensemble_gain": 20.428169247694314,
  "member_certainty_mean": 0.4596492750570178,
  "member_certainty_min": 0.08102250227238983,
  "member_certainty_max": 0.999947159551084,
  "member_certainty_std": 0.32824447052553296,
  "prediction_dissimilarity_kl": 4.295699775218964,
  "member_certainty_by_index": [
    0.9960308074951172,
    0.11115439981222153,
    0.43925195932388306,
    0.6670454740524292,
    0.1630246490240097,
    0.10426689684391022,
    0.1167261004447937,
    0.16827918589115143,
    0.1514604091644287,
    0.31928062438964844,
    0.8188551664352417,
    0.24561277031898499,
    0.25922220945358276,
    0.2538503408432007,
    0.2425147294998169,
    0.25390487909317017,
    0.8025449514389038,
    0.1665608286857605,
    0.15586557984352112,
    0.1571020781993866,
    0.17924055457115173,
    0.9693447947502136,
    0.3673974871635437,
    0.47649383544921875,
    0.21604259312152863,
    0.16303777694702148,
    0.2043761909008026,
    0.9690598845481873,
    0.972858190536499,
    0.1805061250925064,
    0.10329756140708923,
    0.3386678695678711,
    0.9959387183189392,
    0.12157925963401794,
    0.13514146208763123,
    0.9461240768432617,
    0.3329993784427643,
    0.2606784999370575,
    0.9977391362190247,
    0.9871810674667358,
    0.548915445804596,
    0.6163449287414551,
    0.19268403947353363,
    0.2724388539791107,
    0.2791212797164917,
    0.23315855860710144,
    0.5490500926971436,
    0.1503782868385315,
    0.7065764665603638,
    0.3117884695529938,
    0.22479914128780365,
    0.9981145858764648,
    0.9998382329940796,
    0.1248382180929184,
    0.9581981897354126,
    0.9988946318626404,
    0.9994073510169983,
    0.9213364124298096,
    0.8775057196617126,
    0.12944981455802917,
    0.34501105546951294,
    0.7215046882629395,
    0.9321706891059875,
    0.1408611387014389,
    0.20904086530208588,
    0.29987695813179016,
    0.2543216943740845,
    0.9871122241020203,
    0.9978710412979126,
    0.8802696466445923,
    0.73599773645401,
    0.2995741665363312,
    0.08319491147994995,
    0.9324465990066528,
    0.15991967916488647,
    0.2985812723636627,
    0.9991241693496704,
    0.12950186431407928,
    0.17635802924633026,
    0.377469927072525,
    0.2665671706199646,
    0.30761489272117615,
    0.40380531549453735,
    0.15443329513072968,
    0.21921749413013458,
    0.9894276261329651,
    0.26470938324928284,
    0.22745826840400696,
    0.14578965306282043,
    0.1285029798746109,
    0.31062570214271545,
    0.30985674262046814,
    0.16862022876739502,
    0.9276505708694458,
    0.9310287833213806,
    0.37403634190559387,
    0.33167651295661926,
    0.9987435936927795,
    0.22010986506938934,
    0.2575127184391022,
    0.14806503057479858,
    0.9331275820732117,
    0.9926355481147766,
    0.582587480545044,
    0.4694708585739136,
    0.9923513531684875,
    0.1454470008611679,
    0.4502354562282562,
    0.1400366574525833,
    0.48584818840026855,
    0.598010241985321,
    0.268513947725296,
    0.2960483133792877,
    0.33869469165802,
    0.1495918333530426,
    0.9369446635246277,
    0.13688091933727264,
    0.7005775570869446,
    0.9137697219848633,
    0.7858580350875854,
    0.17096255719661713,
    0.5737200379371643,
    0.32156437635421753,
    0.9116323590278625,
    0.18843017518520355,
    0.23750872910022736,
    0.2891087234020233,
    0.1767926961183548
  ],
  "most_certain_member_index": 52,
  "least_certain_member_index": 72,
  "member_certainty_range": 0.9166433215141296
}