{
  "k": 16,
  "total_params": 1000000,
  "scheduler": "min",
  "epochs": 2,
  "seq_len": 128,
  "batch_size": 64,
  "lr": 0.0003,
  "weight_decay": 0.1,
  "vocab_size": 32000,
  "max_train_batches": 512,
  "max_eval_batches": 128,
  "compile": false,
  "num_workers": 2,
  "auto_batch_by_k": true,
  "effective_train_batch_size": 16,
  "effective_eval_batch_size": 4,
  "d_model": 72,
  "ensemble_loss": 7.40737110003829,
  "avg_individual_loss": 20.478007841855288,
  "ensemble_gain": 13.070636741816998,
  "member_certainty_mean": 0.25462450354825705,
  "member_certainty_min": 0.07119701374904253,
  "member_certainty_max": 0.6921438691206276,
  "member_certainty_std": 0.17771317658480257,
  "prediction_dissimilarity_kl": 2.4758897479623556,
  "member_certainty_by_index": [
    0.14694708585739136,
    0.3023698329925537,
    0.4195123612880707,
    0.14176878333091736,
    0.21130096912384033,
    0.0871952697634697,
    0.08938372135162354,
    0.284209668636322,
    0.14153970777988434,
    0.07707042992115021,
    0.6921439170837402,
    0.2937881350517273,
    0.36534932255744934,
    0.5769119262695312,
    0.15202854573726654,
    0.09247233718633652
  ],
  "most_certain_member_index": 10,
  "least_certain_member_index": 9,
  "member_certainty_range": 0.61507348716259
}