{
  "k": 128,
  "total_params": 1000000,
  "scheduler": "min",
  "epochs": 2,
  "seq_len": 128,
  "batch_size": 64,
  "lr": 0.0003,
  "weight_decay": 0.1,
  "vocab_size": 32000,
  "max_train_batches": 128,
  "max_eval_batches": 64,
  "compile": false,
  "num_workers": 2,
  "auto_batch_by_k": true,
  "effective_train_batch_size": 2,
  "effective_eval_batch_size": 1,
  "d_model": 24,
  "ensemble_loss": 9.348959282040596,
  "avg_individual_loss": 17.996722872601822,
  "ensemble_gain": 8.647763590561226,
  "member_certainty_mean": 0.2731574266217649,
  "member_certainty_min": 0.047325359482783824,
  "member_certainty_max": 0.835682119242847,
  "member_certainty_std": 0.20554804289713502,
  "prediction_dissimilarity_kl": 3.124102521687746,
  "member_certainty_by_index": [
    0.3574397563934326,
    0.6026954650878906,
    0.6835765242576599,
    0.6624630093574524,
    0.6917734146118164,
    0.66117262840271,
    0.6145696043968201,
    0.5521709322929382,
    0.35900822281837463,
    0.07510732114315033,
    0.06254783272743225,
    0.07216966897249222,
    0.081557497382164,
    0.18879738450050354,
    0.4261460602283478,
    0.4328213632106781,
    0.3621380925178528,
    0.39314183592796326,
    0.24479395151138306,
    0.440556138753891,
    0.5322257876396179,
    0.5811965465545654,
    0.5758962035179138,
    0.554010808467865,
    0.5157057046890259,
    0.2528422176837921,
    0.57762610912323,
    0.824566662311554,
    0.5484741926193237,
    0.1556253433227539,
    0.06383803486824036,
    0.07137556374073029,
    0.10105790942907333,
    0.13920710980892181,
    0.14854972064495087,
    0.2075805813074112,
    0.17057769000530243,
    0.35855352878570557,
    0.20704403519630432,
    0.6385082602500916,
    0.22249585390090942,
    0.2061319500207901,
    0.4233223497867584,
    0.3983871042728424,
    0.24122904241085052,
    0.411445289850235,
    0.6337922215461731,
    0.6036447882652283,
    0.5686694383621216,
    0.5443083643913269,
    0.4128296375274658,
    0.10624098777770996,
    0.06599605828523636,
    0.0700237900018692,
    0.1760532557964325,
    0.46497809886932373,
    0.5232090950012207,
    0.3846198320388794,
    0.3722919523715973,
    0.42511075735092163,
    0.4505122900009155,
    0.3804360628128052,
    0.11566814035177231,
    0.06836020946502686,
    0.15716370940208435,
    0.3124200403690338,
    0.354056715965271,
    0.30383846163749695,
    0.25144219398498535,
    0.21456550061702728,
    0.09286745637655258,
    0.0780586525797844,
    0.06352440267801285,
    0.10234688967466354,
    0.10072265565395355,
    0.08557350933551788,
    0.16065917909145355,
    0.14570987224578857,
    0.19409354031085968,
    0.1870591938495636,
    0.15789559483528137,
    0.09235450625419617,
    0.07781025022268295,
    0.1042281910777092,
    0.07321856915950775,
    0.12485554069280624,
    0.16295483708381653,
    0.15341205894947052,
    0.15421302616596222,
    0.22195668518543243,
    0.26620155572891235,
    0.35015201568603516,
    0.45319491624832153,
    0.38350510597229004,
    0.14959591627120972,
    0.32198962569236755,
    0.10983294248580933,
    0.18712091445922852,
    0.37628573179244995,
    0.27999693155288696,
    0.10890297591686249,
    0.09136020392179489,
    0.09360674768686295,
    0.10969555377960205,
    0.11036042869091034,
    0.12902753055095673,
    0.13059112429618835,
    0.11982014775276184,
    0.35731443762779236,
    0.15954406559467316,
    0.1628142148256302,
    0.0994216650724411,
    0.06586071103811264,
    0.05932547524571419,
    0.1412307471036911,
    0.16466809809207916,
    0.12889878451824188,
    0.17924991250038147,
    0.15284021198749542,
    0.08086737245321274,
    0.07966343313455582,
    0.1473887413740158,
    0.14661148190498352,
    0.13657590746879578,
    0.14057935774326324,
    0.14031383395195007,
    0.3746894598007202,
    0.6891859769821167
  ],
  "most_certain_member_index": 27,
  "least_certain_member_index": 113,
  "member_certainty_range": 0.7652411870658398
}