{
  "k": 128,
  "total_params": 10000000,
  "scheduler": "min",
  "epochs": 2,
  "seq_len": 128,
  "batch_size": 64,
  "lr": 0.0003,
  "weight_decay": 0.1,
  "vocab_size": 32000,
  "max_train_batches": 128,
  "max_eval_batches": 64,
  "compile": false,
  "num_workers": 2,
  "auto_batch_by_k": true,
  "effective_train_batch_size": 2,
  "effective_eval_batch_size": 1,
  "d_model": 80,
  "ensemble_loss": 9.480752155184746,
  "avg_individual_loss": 28.212062809849158,
  "ensemble_gain": 18.731310654664412,
  "member_certainty_mean": 0.3934859693981707,
  "member_certainty_min": 0.07363095815526322,
  "member_certainty_max": 0.9997751116752625,
  "member_certainty_std": 0.30187012534588575,
  "prediction_dissimilarity_kl": 3.7909186854958534,
  "member_certainty_by_index": [
    0.2014549970626831,
    0.2662414014339447,
    0.1498512178659439,
    0.7081841230392456,
    0.24773304164409637,
    0.47779223322868347,
    0.45272448658943176,
    0.31570854783058167,
    0.15399448573589325,
    0.19429971277713776,
    0.29014259576797485,
    0.22000661492347717,
    0.14387719333171844,
    0.11735133081674576,
    0.26801320910453796,
    0.8103513717651367,
    0.8024523854255676,
    0.5320051908493042,
    0.2886395752429962,
    0.9772440195083618,
    0.929226279258728,
    0.23013120889663696,
    0.12673769891262054,
    0.5097619295120239,
    0.8482211828231812,
    0.9846532940864563,
    0.9721712470054626,
    0.7402737736701965,
    0.13012544810771942,
    0.15980501472949982,
    0.20416246354579926,
    0.9223564267158508,
    0.8237380385398865,
    0.18644900619983673,
    0.18858133256435394,
    0.6596155166625977,
    0.8209774494171143,
    0.7109822034835815,
    0.7060688734054565,
    0.12750962376594543,
    0.15860627591609955,
    0.11713937669992447,
    0.3113287091255188,
    0.39608901739120483,
    0.9989624619483948,
    0.9982814788818359,
    0.34552446007728577,
    0.12518054246902466,
    0.9979677200317383,
    0.9963654279708862,
    0.20675057172775269,
    0.18626175820827484,
    0.3101794719696045,
    0.20704372227191925,
    0.2431698590517044,
    0.16899821162223816,
    0.2313562035560608,
    0.11286168545484543,
    0.15916450321674347,
    0.1210971400141716,
    0.15748398005962372,
    0.1735452562570572,
    0.1382954716682434,
    0.2076612114906311,
    0.12231937795877457,
    0.1903313845396042,
    0.11339499801397324,
    0.08219417184591293,
    0.46625828742980957,
    0.34500852227211,
    0.24614037573337555,
    0.0964675098657608,
    0.31486091017723083,
    0.43172505497932434,
    0.23518462479114532,
    0.4033512771129608,
    0.29867687821388245,
    0.17231622338294983,
    0.12241926789283752,
    0.43145668506622314,
    0.37734976410865784,
    0.5812686681747437,
    0.2043779492378235,
    0.15130478143692017,
    0.1427612602710724,
    0.09755803644657135,
    0.2910357415676117,
    0.14015938341617584,
    0.14604955911636353,
    0.1766538918018341,
    0.13457326591014862,
    0.3713203966617584,
    0.7000114321708679,
    0.5274061560630798,
    0.20926931500434875,
    0.10038679838180542,
    0.1096457690000534,
    0.23407205939292908,
    0.2678784728050232,
    0.9843261241912842,
    0.9971700310707092,
    0.9099676012992859,
    0.5619018077850342,
    0.353863000869751,
    0.27665746212005615,
    0.3176134526729584,
    0.593390703201294,
    0.25182682275772095,
    0.15835131704807281,
    0.07676422595977783,
    0.13110218942165375,
    0.9580450057983398,
    0.8058412075042725,
    0.17982006072998047,
    0.18902531266212463,
    0.30535802245140076,
    0.922379732131958,
    0.9887579083442688,
    0.9458644986152649,
    0.4756532907485962,
    0.44374850392341614,
    0.17741215229034424,
    0.3145892918109894,
    0.6068741083145142,
    0.9390562772750854,
    0.48441416025161743,
    0.11439983546733856,
    0.19791294634342194
  ],
  "most_certain_member_index": 44,
  "least_certain_member_index": 109,
  "member_certainty_range": 0.9221982359886169
}