{
  "k": 64,
  "total_params": 10000000,
  "scheduler": "min",
  "epochs": 2,
  "seq_len": 128,
  "batch_size": 64,
  "lr": 0.0003,
  "weight_decay": 0.1,
  "vocab_size": 32000,
  "max_train_batches": 128,
  "max_eval_batches": 64,
  "compile": false,
  "num_workers": 2,
  "auto_batch_by_k": true,
  "effective_train_batch_size": 8,
  "effective_eval_batch_size": 1,
  "d_model": 114,
  "ensemble_loss": 8.745440289378166,
  "avg_individual_loss": 30.13328460464254,
  "ensemble_gain": 21.387844315264374,
  "member_certainty_mean": 0.3798271054401994,
  "member_certainty_min": 0.05000123643549159,
  "member_certainty_max": 0.9958738312125206,
  "member_certainty_std": 0.29182497737929225,
  "prediction_dissimilarity_kl": 3.5697249732911587,
  "member_certainty_by_index": [
    0.10195332765579224,
    0.2696272134780884,
    0.09358429908752441,
    0.24053968489170074,
    0.27447474002838135,
    0.5023252964019775,
    0.44883963465690613,
    0.8063994646072388,
    0.15832367539405823,
    0.8499718308448792,
    0.5668898224830627,
    0.4116322994232178,
    0.14408831298351288,
    0.8029229640960693,
    0.7344114780426025,
    0.1429804116487503,
    0.3824448883533478,
    0.7111092805862427,
    0.15089534223079681,
    0.18385812640190125,
    0.21731679141521454,
    0.18079009652137756,
    0.11389130353927612,
    0.43798455595970154,
    0.15165771543979645,
    0.05042177438735962,
    0.06694851815700531,
    0.1938951313495636,
    0.13114391267299652,
    0.09604911506175995,
    0.10208817571401596,
    0.1752200424671173,
    0.5538127422332764,
    0.32132741808891296,
    0.9189086556434631,
    0.7314843535423279,
    0.18513749539852142,
    0.8151924014091492,
    0.6160075664520264,
    0.1834888458251953,
    0.640712559223175,
    0.9958740472793579,
    0.8741121292114258,
    0.9061530828475952,
    0.8746987581253052,
    0.32146522402763367,
    0.14174993336200714,
    0.2419944554567337,
    0.3856908977031708,
    0.20955704152584076,
    0.08577809482812881,
    0.09929604828357697,
    0.10421350598335266,
    0.19087721407413483,
    0.6048087477684021,
    0.09831217676401138,
    0.16102434694766998,
    0.5420637726783752,
    0.9680203795433044,
    0.16284944117069244,
    0.14943712949752808,
    0.8595330715179443,
    0.28698375821113586,
    0.18369042873382568
  ],
  "most_certain_member_index": 41,
  "least_certain_member_index": 25,
  "member_certainty_range": 0.9454522728919983
}