{
  "k": 64,
  "total_params": 10000000,
  "scheduler": "max",
  "epochs": 2,
  "seq_len": 128,
  "batch_size": 64,
  "lr": 0.0003,
  "weight_decay": 0.1,
  "vocab_size": 32000,
  "max_train_batches": 128,
  "max_eval_batches": 64,
  "compile": false,
  "num_workers": 2,
  "auto_batch_by_k": true,
  "effective_train_batch_size": 8,
  "effective_eval_batch_size": 1,
  "d_model": 114,
  "ensemble_loss": 8.609489686787128,
  "avg_individual_loss": 31.540836322121322,
  "ensemble_gain": 22.931346635334194,
  "member_certainty_mean": 0.3769092885777354,
  "member_certainty_min": 0.0648525579017587,
  "member_certainty_max": 0.9956585932523012,
  "member_certainty_std": 0.3189260894432664,
  "prediction_dissimilarity_kl": 3.8346136398613453,
  "member_certainty_by_index": [
    0.22957944869995117,
    0.16121594607830048,
    0.2244022637605667,
    0.10013540834188461,
    0.1127387136220932,
    0.18531779944896698,
    0.10542231798171997,
    0.12695442140102386,
    0.23294973373413086,
    0.18148642778396606,
    0.07898300141096115,
    0.17270527780056,
    0.21237684786319733,
    0.376848429441452,
    0.2381797879934311,
    0.6726282835006714,
    0.9914899468421936,
    0.13689076900482178,
    0.8862036466598511,
    0.18034520745277405,
    0.5763485431671143,
    0.7927802801132202,
    0.49218663573265076,
    0.17338493466377258,
    0.09249674528837204,
    0.07727260887622833,
    0.1352466493844986,
    0.1412794589996338,
    0.19158844649791718,
    0.9084108471870422,
    0.22811701893806458,
    0.135578915476799,
    0.22007513046264648,
    0.11290854215621948,
    0.134822815656662,
    0.20505978167057037,
    0.12982380390167236,
    0.9895049333572388,
    0.15811967849731445,
    0.8900595903396606,
    0.6558055281639099,
    0.770273745059967,
    0.09206436574459076,
    0.9892081618309021,
    0.1455458104610443,
    0.06541702896356583,
    0.4196932017803192,
    0.2373906672000885,
    0.9946918487548828,
    0.14954893290996552,
    0.3676638901233673,
    0.07602623850107193,
    0.9729166626930237,
    0.1365206390619278,
    0.8934316039085388,
    0.8940020203590393,
    0.3957197666168213,
    0.5065640211105347,
    0.16588784754276276,
    0.9235637784004211,
    0.41431570053100586,
    0.9901902675628662,
    0.2508056163787842,
    0.22302840650081635
  ],
  "most_certain_member_index": 48,
  "least_certain_member_index": 45,
  "member_certainty_range": 0.929274819791317
}