{
  "k": 16,
  "total_params": 1000000,
  "scheduler": "max",
  "epochs": 2,
  "seq_len": 128,
  "batch_size": 64,
  "lr": 0.0003,
  "weight_decay": 0.1,
  "vocab_size": 32000,
  "max_train_batches": 512,
  "max_eval_batches": 128,
  "compile": false,
  "num_workers": 2,
  "auto_batch_by_k": true,
  "effective_train_batch_size": 16,
  "effective_eval_batch_size": 4,
  "d_model": 72,
  "ensemble_loss": 7.395676255226135,
  "avg_individual_loss": 20.97620640322566,
  "ensemble_gain": 13.580530147999525,
  "member_certainty_mean": 0.26548011880367994,
  "member_certainty_min": 0.07780383434146643,
  "member_certainty_max": 0.6176639818586409,
  "member_certainty_std": 0.1536925220862031,
  "prediction_dissimilarity_kl": 2.54429043084383,
  "member_certainty_by_index": [
    0.15106628835201263,
    0.22697316110134125,
    0.42034944891929626,
    0.09540652483701706,
    0.11640827357769012,
    0.19936180114746094,
    0.17452727258205414,
    0.14196272194385529,
    0.39887145161628723,
    0.617664098739624,
    0.22316651046276093,
    0.07780381292104721,
    0.2402966022491455,
    0.2538778483867645,
    0.48378998041152954,
    0.42615625262260437
  ],
  "most_certain_member_index": 9,
  "least_certain_member_index": 11,
  "member_certainty_range": 0.5398602858185768
}