{
  "k": 64,
  "total_params": 1000000,
  "scheduler": "max",
  "epochs": 2,
  "seq_len": 128,
  "batch_size": 64,
  "lr": 0.0003,
  "weight_decay": 0.1,
  "vocab_size": 32000,
  "max_train_batches": 512,
  "max_eval_batches": 128,
  "compile": false,
  "num_workers": 2,
  "auto_batch_by_k": true,
  "effective_train_batch_size": 8,
  "effective_eval_batch_size": 1,
  "d_model": 36,
  "ensemble_loss": 7.674486916512251,
  "avg_individual_loss": 18.39882277767174,
  "ensemble_gain": 10.724335861159489,
  "member_certainty_mean": 0.3180316824000329,
  "member_certainty_min": 0.037983428192092106,
  "member_certainty_max": 0.9972612303681672,
  "member_certainty_std": 0.2938560778275132,
  "prediction_dissimilarity_kl": 3.4660847298800945,
  "member_certainty_by_index": [
    0.10247829556465149,
    0.40363436937332153,
    0.1623615175485611,
    0.2505098581314087,
    0.053994759917259216,
    0.1283639371395111,
    0.053653255105018616,
    0.1880512684583664,
    0.6804654598236084,
    0.2034364491701126,
    0.2921256422996521,
    0.04939861595630646,
    0.12666428089141846,
    0.08244688808917999,
    0.6821032166481018,
    0.8824931979179382,
    0.2790634036064148,
    0.47222957015037537,
    0.25953179597854614,
    0.16647204756736755,
    0.3298354148864746,
    0.14564120769500732,
    0.9931575059890747,
    0.34665679931640625,
    0.9947829842567444,
    0.17911343276500702,
    0.8248717188835144,
    0.7701151371002197,
    0.7630044221878052,
    0.31817927956581116,
    0.7681996822357178,
    0.6010344624519348,
    0.7828291654586792,
    0.11803194135427475,
    0.09563137590885162,
    0.9389451742172241,
    0.4588286280632019,
    0.15159009397029877,
    0.050700847059488297,
    0.1841377466917038,
    0.16138871014118195,
    0.4347469210624695,
    0.1311323046684265,
    0.04742501676082611,
    0.13396722078323364,
    0.08833995461463928,
    0.0489872545003891,
    0.131203293800354,
    0.9789848327636719,
    0.14007864892482758,
    0.19160155951976776,
    0.15792986750602722,
    0.17127510905265808,
    0.09285037219524384,
    0.10523414611816406,
    0.10173007100820541,
    0.038002219051122665,
    0.12160789221525192,
    0.08360464125871658,
    0.06082167103886604,
    0.39517953991889954,
    0.9119893312454224,
    0.060908589512109756,
    0.23027437925338745
  ],
  "most_certain_member_index": 24,
  "least_certain_member_index": 56,
  "member_certainty_range": 0.9567807652056217
}