{
  "k": 16,
  "total_params": 10000000,
  "scheduler": "max",
  "epochs": 2,
  "seq_len": 128,
  "batch_size": 64,
  "lr": 0.0003,
  "weight_decay": 0.1,
  "vocab_size": 32000,
  "max_train_batches": 512,
  "max_eval_batches": 128,
  "compile": false,
  "num_workers": 2,
  "auto_batch_by_k": true,
  "effective_train_batch_size": 16,
  "effective_eval_batch_size": 4,
  "d_model": 228,
  "ensemble_loss": 7.267819561064243,
  "avg_individual_loss": 31.635629933327436,
  "ensemble_gain": 24.367810372263193,
  "member_certainty_mean": 0.3008128216024488,
  "member_certainty_min": 0.08719758788356557,
  "member_certainty_max": 0.9999415990896523,
  "member_certainty_std": 0.2363956996705383,
  "prediction_dissimilarity_kl": 2.572097884491086,
  "member_certainty_by_index": [
    0.9999415874481201,
    0.10381064563989639,
    0.3414316773414612,
    0.15249547362327576,
    0.46100306510925293,
    0.4595904052257538,
    0.2164442390203476,
    0.12750011682510376,
    0.5392964482307434,
    0.2519458830356598,
    0.5068128705024719,
    0.1343662142753601,
    0.13137830793857574,
    0.16656915843486786,
    0.13211940228939056,
    0.08830009400844574
  ],
  "most_certain_member_index": 0,
  "least_certain_member_index": 15,
  "member_certainty_range": 0.9116414934396744
}