{
  "k": 128,
  "total_params": 1000000,
  "scheduler": "max",
  "epochs": 2,
  "seq_len": 128,
  "batch_size": 64,
  "lr": 0.0003,
  "weight_decay": 0.1,
  "vocab_size": 32000,
  "max_train_batches": 128,
  "max_eval_batches": 64,
  "compile": false,
  "num_workers": 2,
  "auto_batch_by_k": true,
  "effective_train_batch_size": 2,
  "effective_eval_batch_size": 1,
  "d_model": 24,
  "ensemble_loss": 8.87978557497263,
  "avg_individual_loss": 18.533861146192066,
  "ensemble_gain": 9.654075571219437,
  "member_certainty_mean": 0.3219548324123025,
  "member_certainty_min": 0.04218919592676684,
  "member_certainty_max": 0.9697827892377973,
  "member_certainty_std": 0.2880577095784247,
  "prediction_dissimilarity_kl": 3.5907273665070534,
  "member_certainty_by_index": [
    0.07007191330194473,
    0.05162271857261658,
    0.05194641649723053,
    0.4549035131931305,
    0.05422401800751686,
    0.6009122729301453,
    0.0903133898973465,
    0.07996587455272675,
    0.8795735239982605,
    0.8352389335632324,
    0.28401580452919006,
    0.23207053542137146,
    0.345004141330719,
    0.1343720257282257,
    0.09502477198839188,
    0.09464038908481598,
    0.4124182164669037,
    0.0911257341504097,
    0.11714082956314087,
    0.5965477824211121,
    0.7009643912315369,
    0.6580471396446228,
    0.4237925708293915,
    0.15240062773227692,
    0.18511852622032166,
    0.17005376517772675,
    0.7882892489433289,
    0.6912482380867004,
    0.8456226587295532,
    0.8698749542236328,
    0.8495640158653259,
    0.8536088466644287,
    0.10090740770101547,
    0.2616078555583954,
    0.12744829058647156,
    0.589857280254364,
    0.0594925582408905,
    0.09964580088853836,
    0.08513303101062775,
    0.23070059716701508,
    0.08936543762683868,
    0.06596416234970093,
    0.0649930015206337,
    0.07363726198673248,
    0.42727628350257874,
    0.3090590834617615,
    0.08167566359043121,
    0.25279268622398376,
    0.1670197993516922,
    0.4033972918987274,
    0.17678935825824738,
    0.1286790817975998,
    0.10214223712682724,
    0.07815054059028625,
    0.44486311078071594,
    0.29631829261779785,
    0.3955574333667755,
    0.3344528079032898,
    0.05573203042149544,
    0.0716525986790657,
    0.13620150089263916,
    0.21305491030216217,
    0.7629241943359375,
    0.8520364761352539,
    0.8452680110931396,
    0.7547581195831299,
    0.6782726049423218,
    0.6663116812705994,
    0.13348397612571716,
    0.09842369705438614,
    0.43880006670951843,
    0.7173418998718262,
    0.5502748489379883,
    0.06020473316311836,
    0.8319821357727051,
    0.8881455659866333,
    0.9214472770690918,
    0.10439901798963547,
    0.09507572650909424,
    0.09436848759651184,
    0.10032087564468384,
    0.34032341837882996,
    0.4839107096195221,
    0.1579279899597168,
    0.08173863589763641,
    0.10788056999444962,
    0.06468410789966583,
    0.11001963168382645,
    0.253676176071167,
    0.06030398607254028,
    0.07545880228281021,
    0.09164634346961975,
    0.19578082859516144,
    0.30027687549591064,
    0.07121466100215912,
    0.10952755808830261,
    0.4600121080875397,
    0.23416177928447723,
    0.6019251942634583,
    0.5299493074417114,
    0.08038243651390076,
    0.11666037142276764,
    0.8634681701660156,
    0.35906752943992615,
    0.14633405208587646,
    0.14204271137714386,
    0.08753626048564911,
    0.8645272850990295,
    0.9547445774078369,
    0.12069255858659744,
    0.5021659731864929,
    0.445153146982193,
    0.42044106125831604,
    0.12846098840236664,
    0.08877086639404297,
    0.06164879724383354,
    0.059740208089351654,
    0.04801395535469055,
    0.09273336827754974,
    0.3867419362068176,
    0.1289806067943573,
    0.08744625747203827,
    0.1331080049276352,
    0.14010271430015564,
    0.07707132399082184,
    0.2177129089832306,
    0.9483240246772766,
    0.9006040692329407
  ],
  "most_certain_member_index": 108,
  "least_certain_member_index": 117,
  "member_certainty_range": 0.9067306220531464
}