{
  "k": 64,
  "total_params": 10000000,
  "scheduler": "max",
  "epochs": 2,
  "seq_len": 128,
  "batch_size": 96,
  "lr": 0.0003,
  "weight_decay": 0.1,
  "vocab_size": 32000,
  "max_train_batches": 128,
  "max_eval_batches": null,
  "compile": false,
  "num_workers": 2,
  "auto_batch_by_k": true,
  "active_column_fraction": 0.25,
  "effective_train_batch_size": 24,
  "effective_eval_batch_size": 16,
  "active_column_count": 16,
  "train_sequences_seen": 6144,
  "train_tokens_seen": 786432,
  "eval_sequences_seen": 1888,
  "eval_tokens_seen": 241664,
  "d_model": 114,
  "ensemble_loss": 10.400435973021944,
  "avg_individual_loss": 27.421508837554413,
  "ensemble_gain": 17.02107286453247,
  "member_certainty_mean": 0.2994712096149639,
  "member_certainty_min": 0.05675585189108121,
  "member_certainty_max": 0.7851561446816234,
  "member_certainty_std": 0.21829365635827436,
  "prediction_dissimilarity_kl": 2.008179551464016,
  "member_certainty_by_index": [
    0.40417060256004333,
    0.4597519636154175,
    0.41781800985336304,
    0.2607439458370209,
    0.42450669407844543,
    0.4737139046192169,
    0.10953623801469803,
    0.1212635263800621,
    0.11675674468278885,
    0.08183739334344864,
    0.08532865345478058,
    0.0685083195567131,
    0.07481072098016739,
    0.06381413340568542,
    0.06988134235143661,
    0.07949963212013245,
    0.12102184444665909,
    0.10854378342628479,
    0.07582470774650574,
    0.06957714259624481,
    0.049955591559410095,
    0.04474450275301933,
    0.04406723380088806,
    0.12151739746332169,
    0.07435449212789536,
    0.07836128026247025,
    0.11336255073547363,
    0.16796916723251343,
    0.17456112802028656,
    0.15018999576568604,
    0.09541419893503189,
    0.5795904397964478,
    0.4757654368877411,
    0.4807945191860199,
    0.4597843587398529,
    0.48477399349212646,
    0.8201175928115845,
    0.9585524797439575,
    0.2645757794380188,
    0.44702696800231934,
    0.30522796511650085,
    0.40825268626213074,
    0.45016616582870483,
    0.38818860054016113,
    0.35835593938827515,
    0.5491169095039368,
    0.7414382100105286,
    0.7868632078170776,
    0.6783189177513123,
    0.5281827449798584,
    0.19878241419792175,
    0.10017221421003342,
    0.2590167224407196,
    0.3127546012401581,
    0.1904345154762268,
    0.394533634185791,
    0.3941209316253662,
    0.3139705955982208,
    0.12644101679325104,
    0.23721300065517426,
    0.14870131015777588,
    0.1221904531121254,
    0.12971703708171844,
    0.7089365720748901
  ],
  "most_certain_member_index": 37,
  "least_certain_member_index": 22,
  "member_certainty_range": 0.9144852459430695,
  "member_certainty_observed_count_min": 20,
  "member_certainty_observed_count_max": 39
}