{
  "k": 128,
  "total_params": 10000000,
  "scheduler": "min",
  "epochs": 2,
  "seq_len": 128,
  "batch_size": 96,
  "lr": 0.0003,
  "weight_decay": 0.1,
  "vocab_size": 32000,
  "max_train_batches": 128,
  "max_eval_batches": null,
  "compile": false,
  "num_workers": 2,
  "auto_batch_by_k": true,
  "active_column_fraction": 0.25,
  "effective_train_batch_size": 12,
  "effective_eval_batch_size": 12,
  "active_column_count": 32,
  "train_sequences_seen": 3072,
  "train_tokens_seen": 393216,
  "eval_sequences_seen": 1896,
  "eval_tokens_seen": 242688,
  "d_model": 80,
  "ensemble_loss": 9.493029709103741,
  "avg_individual_loss": 25.0210574669174,
  "ensemble_gain": 15.528027757813659,
  "member_certainty_mean": 0.17774373302354088,
  "member_certainty_min": 0.0759884047121564,
  "member_certainty_max": 0.4645917997518672,
  "member_certainty_std": 0.08184592727618882,
  "prediction_dissimilarity_kl": 2.3615841156319726,
  "member_certainty_by_index": [
    0.20223666727542877,
    0.3403610587120056,
    0.316119521856308,
    0.2973981499671936,
    0.2165515422821045,
    0.14490923285484314,
    0.35536298155784607,
    0.295581191778183,
    0.20104394853115082,
    0.1729922741651535,
    0.1377221792936325,
    0.14066468179225922,
    0.12206258624792099,
    0.18978391587734222,
    0.16841652989387512,
    0.16149333119392395,
    0.17918764054775238,
    0.16515998542308807,
    0.1644720435142517,
    0.15899616479873657,
    0.2787068784236908,
    0.3207232356071472,
    0.44078949093818665,
    0.22817449271678925,
    0.2224263846874237,
    0.16640621423721313,
    0.17156241834163666,
    0.16201335191726685,
    0.16229897737503052,
    0.1446966677904129,
    0.13928328454494476,
    0.11451402306556702,
    0.11065182089805603,
    0.29010891914367676,
    0.26258569955825806,
    0.13007324934005737,
    0.16604545712471008,
    0.2748671770095825,
    0.15165983140468597,
    0.10061659663915634,
    0.1668880581855774,
    0.15860046446323395,
    0.13155891001224518,
    0.11403990536928177,
    0.1433919370174408,
    0.15040211379528046,
    0.1408464014530182,
    0.14875711500644684,
    0.1645985096693039,
    0.11109697073698044,
    0.1047791913151741,
    0.173849955201149,
    0.21929875016212463,
    0.22709298133850098,
    0.2884291708469391,
    0.13934925198554993,
    0.12578663229942322,
    0.16626900434494019,
    0.1442682296037674,
    0.13446347415447235,
    0.10308724641799927,
    0.09440343081951141,
    0.10899936407804489,
    0.13009393215179443,
    0.11404292285442352,
    0.11622687429189682,
    0.12962965667247772,
    0.13885103166103363,
    0.1551458090543747,
    0.20440568029880524,
    0.2268477827310562,
    0.23288588225841522,
    0.1935584545135498,
    0.20449945330619812,
    0.192318394780159,
    0.17824679613113403,
    0.18358884751796722,
    0.18441352248191833,
    0.14750255644321442,
    0.19107292592525482,
    0.16231124103069305,
    0.14300182461738586,
    0.14294284582138062,
    0.16799412667751312,
    0.10601687431335449,
    0.1743987798690796,
    0.24478043615818024,
    0.17742855846881866,
    0.15333928167819977,
    0.15044766664505005,
    0.16009950637817383,
    0.1383805274963379,
    0.15412817895412445,
    0.15972395241260529,
    0.17524024844169617,
    0.16035084426403046,
    0.15997205674648285,
    0.1328391134738922,
    0.09490925073623657,
    0.0886445939540863,
    0.08845546096563339,
    0.11304140090942383,
    0.1308421790599823,
    0.194449320435524,
    0.28911101818084717,
    0.37930968403816223,
    0.46453049778938293,
    0.41197773814201355,
    0.608198881149292,
    0.11507824063301086,
    0.10334646701812744,
    0.08859163522720337,
    0.09288502484560013,
    0.109776571393013,
    0.16251228749752045,
    0.11544403433799744,
    0.13000281155109406,
    0.1165764182806015,
    0.06640232354402542,
    0.06610358506441116,
    0.06765725463628769,
    0.13237488269805908,
    0.1371947079896927,
    0.16371576488018036,
    0.17617200314998627,
    0.14395324885845184,
    0.15083298087120056,
    0.15764741599559784
  ],
  "most_certain_member_index": 108,
  "least_certain_member_index": 119,
  "member_certainty_range": 0.5420952960848808,
  "member_certainty_observed_count_min": 26,
  "member_certainty_observed_count_max": 53
}