{
  "k": 64,
  "total_params": 10000000,
  "scheduler": "min",
  "epochs": 2,
  "seq_len": 128,
  "batch_size": 96,
  "lr": 0.0003,
  "weight_decay": 0.1,
  "vocab_size": 32000,
  "max_train_batches": 128,
  "max_eval_batches": null,
  "compile": false,
  "num_workers": 2,
  "auto_batch_by_k": true,
  "active_column_fraction": 0.25,
  "effective_train_batch_size": 24,
  "effective_eval_batch_size": 16,
  "active_column_count": 16,
  "train_sequences_seen": 6144,
  "train_tokens_seen": 786432,
  "eval_sequences_seen": 1888,
  "eval_tokens_seen": 241664,
  "d_model": 114,
  "ensemble_loss": 10.300576945482675,
  "avg_individual_loss": 27.74760076555155,
  "ensemble_gain": 17.44702382006888,
  "member_certainty_mean": 0.18338355030548775,
  "member_certainty_min": 0.07351713561279288,
  "member_certainty_max": 0.3681193093879748,
  "member_certainty_std": 0.07937212367305312,
  "prediction_dissimilarity_kl": 1.9932207232814725,
  "member_certainty_by_index": [
    0.11660097539424896,
    0.13661162555217743,
    0.16494661569595337,
    0.26496264338493347,
    0.11806604266166687,
    0.0974123626947403,
    0.10790235549211502,
    0.15376447141170502,
    0.14743301272392273,
    0.301695853471756,
    0.2928146421909332,
    0.21574798226356506,
    0.15288421511650085,
    0.10540781170129776,
    0.10057864338159561,
    0.09628238528966904,
    0.11712030321359634,
    0.10618311911821365,
    0.09928014874458313,
    0.14452292025089264,
    0.23369915783405304,
    0.2154117375612259,
    0.22924329340457916,
    0.23000982403755188,
    0.07212125509977341,
    0.09549440443515778,
    0.09509768337011337,
    0.13052895665168762,
    0.09778887778520584,
    0.05110995098948479,
    0.11972441524267197,
    0.2275838553905487,
    0.22428084909915924,
    0.2375316321849823,
    0.34636762738227844,
    0.2328547239303589,
    0.20466676354408264,
    0.21242310106754303,
    0.18758918344974518,
    0.22276753187179565,
    0.1728469580411911,
    0.14257344603538513,
    0.17930211126804352,
    0.16006726026535034,
    0.12006815522909164,
    0.06990066170692444,
    0.07846476137638092,
    0.09504123032093048,
    0.11144959926605225,
    0.28617748618125916,
    0.23532503843307495,
    0.21122682094573975,
    0.2014538049697876,
    0.21623338758945465,
    0.2195538878440857,
    0.36879509687423706,
    0.29149502515792847,
    0.1797516793012619,
    0.2146037071943283,
    0.22242124378681183,
    0.20727914571762085,
    0.3030974566936493,
    0.4740082323551178,
    0.21507902443408966
  ],
  "most_certain_member_index": 62,
  "least_certain_member_index": 29,
  "member_certainty_range": 0.422898281365633,
  "member_certainty_observed_count_min": 17,
  "member_certainty_observed_count_max": 38
}