{
  "k": 64,
  "total_params": 1000000,
  "scheduler": "min",
  "epochs": 2,
  "seq_len": 128,
  "batch_size": 96,
  "lr": 0.0003,
  "weight_decay": 0.1,
  "vocab_size": 32000,
  "max_train_batches": 128,
  "max_eval_batches": null,
  "compile": false,
  "num_workers": 2,
  "auto_batch_by_k": true,
  "active_column_fraction": 0.25,
  "effective_train_batch_size": 24,
  "effective_eval_batch_size": 16,
  "active_column_count": 16,
  "train_sequences_seen": 6144,
  "train_tokens_seen": 786432,
  "eval_sequences_seen": 1888,
  "eval_tokens_seen": 241664,
  "d_model": 36,
  "ensemble_loss": 9.978204420057393,
  "avg_individual_loss": 19.10934506432485,
  "ensemble_gain": 9.131140644267454,
  "member_certainty_mean": 0.19712601703102306,
  "member_certainty_min": 0.07574633947747239,
  "member_certainty_max": 0.39358353463269896,
  "member_certainty_std": 0.08902835918558856,
  "prediction_dissimilarity_kl": 1.9257799467798007,
  "member_certainty_by_index": [
    0.09920702874660492,
    0.18813148140907288,
    0.36280784010887146,
    0.4259054660797119,
    0.41434043645858765,
    0.41655299067497253,
    0.4006817638874054,
    0.42592838406562805,
    0.10748395323753357,
    0.12452613562345505,
    0.10157081484794617,
    0.11015351116657257,
    0.10724243521690369,
    0.10657144337892532,
    0.12031155079603195,
    0.15290288627147675,
    0.16410936415195465,
    0.11895757913589478,
    0.2038133144378662,
    0.2195061594247818,
    0.17888566851615906,
    0.20145602524280548,
    0.20039862394332886,
    0.16695402562618256,
    0.0667065754532814,
    0.09164692461490631,
    0.10254073143005371,
    0.08660855144262314,
    0.08048796653747559,
    0.08216090500354767,
    0.06803812831640244,
    0.05988863855600357,
    0.08594834059476852,
    0.10378549247980118,
    0.3212231397628784,
    0.28438520431518555,
    0.2413402646780014,
    0.23194122314453125,
    0.26936081051826477,
    0.3084976077079773,
    0.2713124752044678,
    0.1505185067653656,
    0.23057007789611816,
    0.26689422130584717,
    0.2591237723827362,
    0.2670448422431946,
    0.23837587237358093,
    0.23662599921226501,
    0.3040219843387604,
    0.18705324828624725,
    0.17357537150382996,
    0.18914149701595306,
    0.17629563808441162,
    0.16703015565872192,
    0.17242279648780823,
    0.15916739404201508,
    0.16899216175079346,
    0.1558329313993454,
    0.16716958582401276,
    0.19711753726005554,
    0.26421746611595154,
    0.23857124149799347,
    0.18349674344062805,
    0.1719837337732315
  ],
  "most_certain_member_index": 7,
  "least_certain_member_index": 31,
  "member_certainty_range": 0.3660397455096245,
  "member_certainty_observed_count_min": 20,
  "member_certainty_observed_count_max": 41
}