{
  "k": 128,
  "total_params": 10000000,
  "scheduler": "max",
  "epochs": 2,
  "seq_len": 128,
  "batch_size": 96,
  "lr": 0.0003,
  "weight_decay": 0.1,
  "vocab_size": 32000,
  "max_train_batches": 128,
  "max_eval_batches": null,
  "compile": false,
  "num_workers": 2,
  "auto_batch_by_k": true,
  "active_column_fraction": 0.25,
  "effective_train_batch_size": 12,
  "effective_eval_batch_size": 12,
  "active_column_count": 32,
  "train_sequences_seen": 3072,
  "train_tokens_seen": 393216,
  "eval_sequences_seen": 1896,
  "eval_tokens_seen": 242688,
  "d_model": 80,
  "ensemble_loss": 9.460798547237735,
  "avg_individual_loss": 25.70367623582671,
  "ensemble_gain": 16.242877688588976,
  "member_certainty_mean": 0.27073039821808853,
  "member_certainty_min": 0.05985721516646916,
  "member_certainty_max": 0.9023716434647765,
  "member_certainty_std": 0.19474321089779276,
  "prediction_dissimilarity_kl": 2.508082567890988,
  "member_certainty_by_index": [
    0.2605307102203369,
    0.5013020634651184,
    0.37654998898506165,
    0.4953513443470001,
    0.4943522810935974,
    0.36010053753852844,
    0.2932054400444031,
    0.3131346106529236,
    0.35742467641830444,
    0.3850225806236267,
    0.4530237913131714,
    0.4416218400001526,
    0.5067265033721924,
    0.49545449018478394,
    0.3148590922355652,
    0.21582449972629547,
    0.2757086753845215,
    0.25127312541007996,
    0.26450178027153015,
    0.2151334136724472,
    0.28820544481277466,
    0.26774686574935913,
    0.2969508767127991,
    0.5028012990951538,
    0.5210000872612,
    0.9784606695175171,
    0.9936167001724243,
    0.996156632900238,
    0.9916369318962097,
    0.9255949258804321,
    0.9197229146957397,
    0.22608576714992523,
    0.2938391864299774,
    0.37734630703926086,
    0.4037703573703766,
    0.17858828604221344,
    0.1753261834383011,
    0.12259691953659058,
    0.08197010308504105,
    0.08906766772270203,
    0.1256396621465683,
    0.11685154587030411,
    0.0817934200167656,
    0.08424443006515503,
    0.09410037845373154,
    0.1350955367088318,
    0.10179087519645691,
    0.11421575397253036,
    0.141357883810997,
    0.18289361894130707,
    0.16946956515312195,
    0.2083289623260498,
    0.2557968199253082,
    0.2692343592643738,
    0.3398323059082031,
    0.09698691964149475,
    0.1174965500831604,
    0.05945541709661484,
    0.05642062425613403,
    0.04601701721549034,
    0.04792925342917442,
    0.0737600177526474,
    0.15170902013778687,
    0.18232199549674988,
    0.18394869565963745,
    0.317090779542923,
    0.27355876564979553,
    0.21782884001731873,
    0.08989878743886948,
    0.38863879442214966,
    0.3201744556427002,
    0.19650918245315552,
    0.10820674896240234,
    0.09930672496557236,
    0.12626394629478455,
    0.16470269858837128,
    0.14586129784584045,
    0.10455519706010818,
    0.08500156551599503,
    0.10485546290874481,
    0.1819365918636322,
    0.09045366942882538,
    0.1622229516506195,
    0.12313646078109741,
    0.17391648888587952,
    0.2763529419898987,
    0.4580421447753906,
    0.4606092870235443,
    0.3550797700881958,
    0.2862708866596222,
    0.30577605962753296,
    0.24519988894462585,
    0.1921452283859253,
    0.22482050955295563,
    0.16275770962238312,
    0.15439721941947937,
    0.4752855598926544,
    0.3423837423324585,
    0.6323944330215454,
    0.2416374534368515,
    0.11523759365081787,
    0.10529188066720963,
    0.12042771279811859,
    0.20790302753448486,
    0.20094016194343567,
    0.2267518937587738,
    0.22720883786678314,
    0.282818078994751,
    0.4350259602069855,
    0.5217055082321167,
    0.5242742300033569,
    0.10165195167064667,
    0.12975093722343445,
    0.24857965111732483,
    0.3452088534832001,
    0.2638531029224396,
    0.21688680350780487,
    0.22148986160755157,
    0.2361041158437729,
    0.1964404284954071,
    0.1827794909477234,
    0.200205996632576,
    0.09176291525363922,
    0.09380937367677689,
    0.23120926320552826,
    0.17370082437992096,
    0.21120087802410126,
    0.1783493161201477
  ],
  "most_certain_member_index": 27,
  "least_certain_member_index": 59,
  "member_certainty_range": 0.9501396156847477,
  "member_certainty_observed_count_min": 26,
  "member_certainty_observed_count_max": 56
}