{
  "k": 128,
  "total_params": 1000000,
  "scheduler": "max",
  "epochs": 2,
  "seq_len": 128,
  "batch_size": 96,
  "lr": 0.0003,
  "weight_decay": 0.1,
  "vocab_size": 32000,
  "max_train_batches": 128,
  "max_eval_batches": null,
  "compile": false,
  "num_workers": 2,
  "auto_batch_by_k": true,
  "active_column_fraction": 0.25,
  "effective_train_batch_size": 12,
  "effective_eval_batch_size": 12,
  "active_column_count": 32,
  "train_sequences_seen": 3072,
  "train_tokens_seen": 393216,
  "eval_sequences_seen": 1896,
  "eval_tokens_seen": 242688,
  "d_model": 24,
  "ensemble_loss": 9.633756770363338,
  "avg_individual_loss": 17.861036759388597,
  "ensemble_gain": 8.227279989025261,
  "member_certainty_mean": 0.20043361130394513,
  "member_certainty_min": 0.03982144455083563,
  "member_certainty_max": 0.6126504710203484,
  "member_certainty_std": 0.143379841848642,
  "prediction_dissimilarity_kl": 2.535186037232604,
  "member_certainty_by_index": [
    0.048887524753808975,
    0.052665531635284424,
    0.05652837082743645,
    0.05900268256664276,
    0.05451425537467003,
    0.04517188295722008,
    0.18959687650203705,
    0.12751561403274536,
    0.23850663006305695,
    0.27873367071151733,
    0.2518281638622284,
    0.19375985860824585,
    0.21475310623645782,
    0.23834912478923798,
    0.2249295562505722,
    0.22878435254096985,
    0.2318490743637085,
    0.21189624071121216,
    0.17566579580307007,
    0.17461061477661133,
    0.24906256794929504,
    0.049058251082897186,
    0.0478808730840683,
    0.05027256906032562,
    0.0664297565817833,
    0.04729849472641945,
    0.4523695707321167,
    0.4682958722114563,
    0.4818996787071228,
    0.4619821608066559,
    0.46073880791664124,
    0.43345800042152405,
    0.05133046954870224,
    0.10454797744750977,
    0.11415234953165054,
    0.10852421075105667,
    0.049028798937797546,
    0.03762885183095932,
    0.04031212255358696,
    0.0416659377515316,
    0.17052628099918365,
    0.20742203295230865,
    0.26738137006759644,
    0.33276134729385376,
    0.37884753942489624,
    0.5348412394523621,
    0.1828671395778656,
    0.2266101837158203,
    0.2620350122451782,
    0.16226568818092346,
    0.21439160406589508,
    0.1281019151210785,
    0.061166007071733475,
    0.05898868665099144,
    0.1054791510105133,
    0.05932475998997688,
    0.07164706289768219,
    0.11368384957313538,
    0.06333369761705399,
    0.08777350932359695,
    0.1322445422410965,
    0.11080659180879593,
    0.1920347660779953,
    0.44016772508621216,
    0.4393773078918457,
    0.4620281457901001,
    0.702481746673584,
    0.3124886453151703,
    0.07849548012018204,
    0.16319699585437775,
    0.20546017587184906,
    0.20039165019989014,
    0.17833420634269714,
    0.1554107367992401,
    0.0458952933549881,
    0.04098806530237198,
    0.04584084451198578,
    0.03497331589460373,
    0.11479006707668304,
    0.07640314847230911,
    0.052392370998859406,
    0.07809664309024811,
    0.656273603439331,
    0.7111709713935852,
    0.18781353533267975,
    0.21405963599681854,
    0.19852831959724426,
    0.155165433883667,
    0.0897391214966774,
    0.11626017838716507,
    0.40738731622695923,
    0.45401230454444885,
    0.3731050491333008,
    0.25965413451194763,
    0.34615376591682434,
    0.38898763060569763,
    0.4912431836128235,
    0.3701871633529663,
    0.1900796890258789,
    0.2002945840358734,
    0.2246844619512558,
    0.20164288580417633,
    0.21776987612247467,
    0.14527365565299988,
    0.1344558596611023,
    0.08360858261585236,
    0.0678967759013176,
    0.060308121144771576,
    0.15465104579925537,
    0.26765090227127075,
    0.2154335230588913,
    0.11891341209411621,
    0.24147972464561462,
    0.19975556433200836,
    0.10526419430971146,
    0.22938144207000732,
    0.23791754245758057,
    0.23888452351093292,
    0.27451592683792114,
    0.23173977434635162,
    0.17699292302131653,
    0.25180119276046753,
    0.12432227283716202,
    0.09492208063602448,
    0.15507642924785614,
    0.12121187895536423,
    0.11533928662538528,
    0.1065000370144844
  ],
  "most_certain_member_index": 83,
  "least_certain_member_index": 77,
  "member_certainty_range": 0.6761976554989815,
  "member_certainty_observed_count_min": 28,
  "member_certainty_observed_count_max": 50
}