{
  "k": 128,
  "total_params": 1000000,
  "scheduler": "min",
  "epochs": 2,
  "seq_len": 128,
  "batch_size": 96,
  "lr": 0.0003,
  "weight_decay": 0.1,
  "vocab_size": 32000,
  "max_train_batches": 128,
  "max_eval_batches": null,
  "compile": false,
  "num_workers": 2,
  "auto_batch_by_k": true,
  "active_column_fraction": 0.25,
  "effective_train_batch_size": 12,
  "effective_eval_batch_size": 12,
  "active_column_count": 32,
  "train_sequences_seen": 3072,
  "train_tokens_seen": 393216,
  "eval_sequences_seen": 1896,
  "eval_tokens_seen": 242688,
  "d_model": 24,
  "ensemble_loss": 9.60091772562341,
  "avg_individual_loss": 17.66561072385764,
  "ensemble_gain": 8.06469299823423,
  "member_certainty_mean": 0.20032662568213064,
  "member_certainty_min": 0.04087227403740339,
  "member_certainty_max": 0.5471113774972626,
  "member_certainty_std": 0.14116797167100484,
  "prediction_dissimilarity_kl": 2.3192509382585937,
  "member_certainty_by_index": [
    0.2688310742378235,
    0.20737452805042267,
    0.21187815070152283,
    0.2719500958919525,
    0.2916891574859619,
    0.3488081395626068,
    0.3600520193576813,
    0.34841883182525635,
    0.31256625056266785,
    0.2950507402420044,
    0.2758748233318329,
    0.2789817750453949,
    0.2620363235473633,
    0.25314927101135254,
    0.27150583267211914,
    0.23507383465766907,
    0.06072874367237091,
    0.04623739793896675,
    0.04661523550748825,
    0.039527758955955505,
    0.03808385506272316,
    0.045939795672893524,
    0.06394325196743011,
    0.08519803732633591,
    0.0724535658955574,
    0.08191926777362823,
    0.05067114531993866,
    0.048315294086933136,
    0.04581065848469734,
    0.057990409433841705,
    0.06777936965227127,
    0.08931473642587662,
    0.07424532622098923,
    0.1867889016866684,
    0.21593983471393585,
    0.20102956891059875,
    0.22829194366931915,
    0.2344343662261963,
    0.17827247083187103,
    0.16675204038619995,
    0.15629737079143524,
    0.184927299618721,
    0.143100768327713,
    0.13585492968559265,
    0.13060452044010162,
    0.13994990289211273,
    0.12490600347518921,
    0.09503214061260223,
    0.0674261525273323,
    0.04036958888173103,
    0.051044341176748276,
    0.04405738413333893,
    0.04241413250565529,
    0.04696958512067795,
    0.05619868263602257,
    0.0648575946688652,
    0.5334028005599976,
    0.5669571161270142,
    0.5509841442108154,
    0.5371099710464478,
    0.4802819490432739,
    0.3721863031387329,
    0.27754878997802734,
    0.16977383196353912,
    0.1439921259880066,
    0.20701317489147186,
    0.220067098736763,
    0.2633470594882965,
    0.3124474585056305,
    0.2959010601043701,
    0.13500156998634338,
    0.10023055970668793,
    0.10233378410339355,
    0.16631263494491577,
    0.1300213783979416,
    0.14162610471248627,
    0.14146889746189117,
    0.1565038561820984,
    0.14244882762432098,
    0.11748862266540527,
    0.14812004566192627,
    0.12603099644184113,
    0.09406784176826477,
    0.08535966277122498,
    0.10835816711187363,
    0.14232328534126282,
    0.18839041888713837,
    0.07439451664686203,
    0.07877983897924423,
    0.08619027584791183,
    0.09659356623888016,
    0.1238153725862503,
    0.09952262043952942,
    0.14054709672927856,
    0.5358020067214966,
    0.5152546763420105,
    0.5093756914138794,
    0.46501269936561584,
    0.49252626299858093,
    0.39752286672592163,
    0.3409287631511688,
    0.31201526522636414,
    0.3875460922718048,
    0.3968418538570404,
    0.1330924779176712,
    0.19867253303527832,
    0.17287109792232513,
    0.10453824698925018,
    0.08996282517910004,
    0.09018103033304214,
    0.09527274966239929,
    0.10901562124490738,
    0.1089138612151146,
    0.180728480219841,
    0.09953964501619339,
    0.10233943164348602,
    0.10073111951351166,
    0.11065077781677246,
    0.08186151087284088,
    0.277991384267807,
    0.42397043108940125,
    0.36627712845802307,
    0.4258684813976288,
    0.4970162510871887,
    0.5825822353363037,
    0.4541407823562622,
    0.3394588530063629,
    0.24756959080696106
  ],
  "most_certain_member_index": 124,
  "least_certain_member_index": 20,
  "member_certainty_range": 0.5444983802735806,
  "member_certainty_observed_count_min": 27,
  "member_certainty_observed_count_max": 59
}