{
  "k": 16,
  "total_params": 1000000,
  "scheduler": "max",
  "epochs": 2,
  "seq_len": 128,
  "batch_size": 96,
  "lr": 0.0003,
  "weight_decay": 0.1,
  "vocab_size": 32000,
  "max_train_batches": 128,
  "max_eval_batches": null,
  "compile": false,
  "num_workers": 2,
  "auto_batch_by_k": true,
  "active_column_fraction": 0.25,
  "effective_train_batch_size": 96,
  "effective_eval_batch_size": 16,
  "active_column_count": 4,
  "train_sequences_seen": 24576,
  "train_tokens_seen": 3145728,
  "eval_sequences_seen": 1888,
  "eval_tokens_seen": 241664,
  "d_model": 72,
  "ensemble_loss": 12.4119364366693,
  "avg_individual_loss": 20.17750714188915,
  "ensemble_gain": 7.765570705219851,
  "member_certainty_mean": 0.11390190249529936,
  "member_certainty_min": 0.07999613581193706,
  "member_certainty_max": 0.15128541403150153,
  "member_certainty_std": 0.027826748349332898,
  "prediction_dissimilarity_kl": 0.8786797475511745,
  "member_certainty_by_index": [
    0.16356982290744781,
    0.10940266400575638,
    0.11060937494039536,
    0.11542748659849167,
    0.09554710239171982,
    0.09811025857925415,
    0.1082112193107605,
    0.10606380552053452,
    0.10211019217967987,
    0.08175694197416306,
    0.09760971367359161,
    0.05608035624027252,
    0.06144922599196434,
    0.1404251605272293,
    0.16276337206363678,
    0.1742418110370636
  ],
  "most_certain_member_index": 15,
  "least_certain_member_index": 11,
  "member_certainty_range": 0.11816145479679108,
  "member_certainty_observed_count_min": 19,
  "member_certainty_observed_count_max": 42
}