{
  "k": 16,
  "total_params": 10000000,
  "scheduler": "max",
  "epochs": 2,
  "seq_len": 128,
  "batch_size": 96,
  "lr": 0.0003,
  "weight_decay": 0.1,
  "vocab_size": 32000,
  "max_train_batches": 128,
  "max_eval_batches": null,
  "compile": false,
  "num_workers": 2,
  "auto_batch_by_k": true,
  "active_column_fraction": 0.25,
  "effective_train_batch_size": 96,
  "effective_eval_batch_size": 16,
  "active_column_count": 4,
  "train_sequences_seen": 24576,
  "train_tokens_seen": 3145728,
  "eval_sequences_seen": 1888,
  "eval_tokens_seen": 241664,
  "d_model": 228,
  "ensemble_loss": 12.637574009976145,
  "avg_individual_loss": 26.497372578766388,
  "ensemble_gain": 13.859798568790241,
  "member_certainty_mean": 0.21854913373619822,
  "member_certainty_min": 0.14135561599317242,
  "member_certainty_max": 0.3191530656511501,
  "member_certainty_std": 0.06864709674649067,
  "prediction_dissimilarity_kl": 0.7531412988269733,
  "member_certainty_by_index": [
    0.2549140155315399,
    0.2783275842666626,
    0.24716860055923462,
    0.14297133684158325,
    0.15754930675029755,
    0.17399311065673828,
    0.10494033247232437,
    0.18935848772525787,
    0.24037042260169983,
    0.2768682539463043,
    0.4951237142086029,
    0.20752033591270447,
    0.20435930788516998,
    0.13050031661987305,
    0.18255864083766937,
    0.20791102945804596
  ],
  "most_certain_member_index": 10,
  "least_certain_member_index": 6,
  "member_certainty_range": 0.39018338173627853,
  "member_certainty_observed_count_min": 19,
  "member_certainty_observed_count_max": 37
}