{
  "k": 64,
  "total_params": 1000000,
  "scheduler": "max",
  "epochs": 2,
  "seq_len": 128,
  "batch_size": 96,
  "lr": 0.0003,
  "weight_decay": 0.1,
  "vocab_size": 32000,
  "max_train_batches": 128,
  "max_eval_batches": null,
  "compile": false,
  "num_workers": 2,
  "auto_batch_by_k": true,
  "active_column_fraction": 0.25,
  "effective_train_batch_size": 24,
  "effective_eval_batch_size": 16,
  "active_column_count": 16,
  "train_sequences_seen": 6144,
  "train_tokens_seen": 786432,
  "eval_sequences_seen": 1888,
  "eval_tokens_seen": 241664,
  "d_model": 36,
  "ensemble_loss": 10.0273560427003,
  "avg_individual_loss": 19.48982928971113,
  "ensemble_gain": 9.462473247010829,
  "member_certainty_mean": 0.16350511890851846,
  "member_certainty_min": 0.06509965456138223,
  "member_certainty_max": 0.33304088297536816,
  "member_certainty_std": 0.08204968541986861,
  "prediction_dissimilarity_kl": 2.012609437360602,
  "member_certainty_by_index": [
    0.2432149201631546,
    0.22368338704109192,
    0.25593051314353943,
    0.26971104741096497,
    0.2164943814277649,
    0.06815432757139206,
    0.060541246086359024,
    0.06457163393497467,
    0.08158427476882935,
    0.11743542551994324,
    0.15735816955566406,
    0.16851629316806793,
    0.1764177680015564,
    0.1634409874677658,
    0.14521163702011108,
    0.14039726555347443,
    0.09805213660001755,
    0.09173984080553055,
    0.14005036652088165,
    0.1144321858882904,
    0.08322342485189438,
    0.10755886137485504,
    0.08496616780757904,
    0.07266486436128616,
    0.07779436558485031,
    0.09136209636926651,
    0.08700698614120483,
    0.06581065058708191,
    0.15322601795196533,
    0.1654491424560547,
    0.10277118533849716,
    0.11325157433748245,
    0.13452188670635223,
    0.1480819284915924,
    0.11347763985395432,
    0.08100332319736481,
    0.43905889987945557,
    0.1150301992893219,
    0.19661062955856323,
    0.24685433506965637,
    0.19605806469917297,
    0.16414774954319,
    0.2821348011493683,
    0.2417716383934021,
    0.2631019353866577,
    0.11927590519189835,
    0.08399941772222519,
    0.09717067331075668,
    0.11500974744558334,
    0.18383683264255524,
    0.296440988779068,
    0.28887030482292175,
    0.341057151556015,
    0.2354581505060196,
    0.321014940738678,
    0.3006022870540619,
    0.27188897132873535,
    0.26449906826019287,
    0.30184876918792725,
    0.07796098291873932,
    0.08831290155649185,
    0.07875294983386993,
    0.060535382479429245,
    0.06910295784473419
  ],
  "most_certain_member_index": 36,
  "least_certain_member_index": 62,
  "member_certainty_range": 0.3785235174000263,
  "member_certainty_observed_count_min": 17,
  "member_certainty_observed_count_max": 43
}