{
  "k": 16,
  "total_params": 1000000,
  "scheduler": "min",
  "epochs": 2,
  "seq_len": 128,
  "batch_size": 96,
  "lr": 0.0003,
  "weight_decay": 0.1,
  "vocab_size": 32000,
  "max_train_batches": 128,
  "max_eval_batches": null,
  "compile": false,
  "num_workers": 2,
  "auto_batch_by_k": true,
  "active_column_fraction": 0.25,
  "effective_train_batch_size": 96,
  "effective_eval_batch_size": 16,
  "active_column_count": 4,
  "train_sequences_seen": 24576,
  "train_tokens_seen": 3145728,
  "eval_sequences_seen": 1888,
  "eval_tokens_seen": 241664,
  "d_model": 72,
  "ensemble_loss": 12.874239218437065,
  "avg_individual_loss": 21.218632843534824,
  "ensemble_gain": 8.34439362509776,
  "member_certainty_mean": 0.12146278003514824,
  "member_certainty_min": 0.08838489418060093,
  "member_certainty_max": 0.15966260786783898,
  "member_certainty_std": 0.028065136641705946,
  "prediction_dissimilarity_kl": 0.8327151723837448,
  "member_certainty_by_index": [
    0.18545137345790863,
    0.18508072197437286,
    0.14306901395320892,
    0.11416153609752655,
    0.12897413969039917,
    0.16006456315517426,
    0.15840700268745422,
    0.1311221867799759,
    0.10396133363246918,
    0.08705894649028778,
    0.08542294800281525,
    0.07833222299814224,
    0.08023301512002945,
    0.0883423238992691,
    0.10862262547016144,
    0.10265830159187317
  ],
  "most_certain_member_index": 0,
  "least_certain_member_index": 11,
  "member_certainty_range": 0.10711915045976639,
  "member_certainty_observed_count_min": 20,
  "member_certainty_observed_count_max": 38
}