{
  "k": 16,
  "total_params": 10000000,
  "scheduler": "min",
  "epochs": 2,
  "seq_len": 128,
  "batch_size": 96,
  "lr": 0.0003,
  "weight_decay": 0.1,
  "vocab_size": 32000,
  "max_train_batches": 128,
  "max_eval_batches": null,
  "compile": false,
  "num_workers": 2,
  "auto_batch_by_k": true,
  "active_column_fraction": 0.25,
  "effective_train_batch_size": 96,
  "effective_eval_batch_size": 16,
  "active_column_count": 4,
  "train_sequences_seen": 24576,
  "train_tokens_seen": 3145728,
  "eval_sequences_seen": 1888,
  "eval_tokens_seen": 241664,
  "d_model": 228,
  "ensemble_loss": 12.704550444069556,
  "avg_individual_loss": 25.626030485508807,
  "ensemble_gain": 12.921480041439251,
  "member_certainty_mean": 0.15610934143601837,
  "member_certainty_min": 0.08364697072212979,
  "member_certainty_max": 0.24930922466061883,
  "member_certainty_std": 0.06425711522825946,
  "prediction_dissimilarity_kl": 0.7288519867648513,
  "member_certainty_by_index": [
    0.11464221775531769,
    0.23603415489196777,
    0.3327462077140808,
    0.2623208463191986,
    0.16324304044246674,
    0.1410304307937622,
    0.14449453353881836,
    0.17847761511802673,
    0.1287461817264557,
    0.07530590891838074,
    0.060598958283662796,
    0.07666900008916855,
    0.08049450814723969,
    0.11066792160272598,
    0.24334761500358582,
    0.10212104022502899
  ],
  "most_certain_member_index": 2,
  "least_certain_member_index": 10,
  "member_certainty_range": 0.272147249430418,
  "member_certainty_observed_count_min": 24,
  "member_certainty_observed_count_max": 37
}