{
  "k": 64,
  "total_params": 10000000,
  "scheduler": "min",
  "epochs": 2,
  "seq_len": 128,
  "batch_size": 12,
  "lr": 0.0003,
  "weight_decay": 0.1,
  "vocab_size": 32000,
  "max_train_batches": 128,
  "max_eval_batches": null,
  "compile": false,
  "num_workers": 2,
  "auto_batch_by_k": false,
  "active_column_fraction": 0.25,
  "effective_train_batch_size": 12,
  "effective_eval_batch_size": 12,
  "active_column_count": 16,
  "train_sequences_seen": 3072,
  "train_tokens_seen": 393216,
  "eval_sequences_seen": 1896,
  "eval_tokens_seen": 242688,
  "d_model": 114,
  "ensemble_loss": 10.12676927107799,
  "avg_individual_loss": 26.43282774430287,
  "ensemble_gain": 16.30605847322488,
  "member_certainty_mean": 0.16308313381822803,
  "member_certainty_min": 0.05321009699962562,
  "member_certainty_max": 0.3867697090476374,
  "member_certainty_std": 0.08884693632680404,
  "prediction_dissimilarity_kl": 1.7509240327002127,
  "member_certainty_by_index": [
    0.17052091658115387,
    0.06968076527118683,
    0.05588250979781151,
    0.062331005930900574,
    0.05990621820092201,
    0.049979470670223236,
    0.04746798425912857,
    0.05007169023156166,
    0.06952451914548874,
    0.08603984117507935,
    0.15909437835216522,
    0.14864470064640045,
    0.1557479202747345,
    0.1645335853099823,
    0.197156623005867,
    0.19022680819034576,
    0.23656071722507477,
    0.2336481511592865,
    0.1510271281003952,
    0.12888029217720032,
    0.12153158336877823,
    0.1449013203382492,
    0.12163636088371277,
    0.08431100845336914,
    0.08402276784181595,
    0.10098765045404434,
    0.08010929077863693,
    0.0847993716597557,
    0.09176561236381531,
    0.06998831778764725,
    0.04767134040594101,
    0.14555589854717255,
    0.12781623005867004,
    0.12924663722515106,
    0.13265308737754822,
    0.13819971680641174,
    0.12902480363845825,
    0.14033566415309906,
    0.16229583323001862,
    0.1527702361345291,
    0.1527319699525833,
    0.18118111789226532,
    0.14526502788066864,
    0.2007526308298111,
    0.29077214002609253,
    0.295953631401062,
    0.23396028578281403,
    0.2420913428068161,
    0.21876123547554016,
    0.17533472180366516,
    0.1431605964899063,
    0.10455268621444702,
    0.14991718530654907,
    0.26061123609542847,
    0.5625102519989014,
    0.35910192131996155,
    0.3755684792995453,
    0.32587480545043945,
    0.34947919845581055,
    0.33668994903564453,
    0.24442392587661743,
    0.1537761688232422,
    0.1295972466468811,
    0.11295648664236069
  ],
  "most_certain_member_index": 54,
  "least_certain_member_index": 6,
  "member_certainty_range": 0.5150422677397728,
  "member_certainty_observed_count_min": 26,
  "member_certainty_observed_count_max": 55
}