{
  "k": 64,
  "total_params": 1000000,
  "scheduler": "max",
  "epochs": 2,
  "seq_len": 128,
  "batch_size": 12,
  "lr": 0.0003,
  "weight_decay": 0.1,
  "vocab_size": 32000,
  "max_train_batches": 128,
  "max_eval_batches": null,
  "compile": false,
  "num_workers": 2,
  "auto_batch_by_k": false,
  "active_column_fraction": 0.25,
  "effective_train_batch_size": 12,
  "effective_eval_batch_size": 12,
  "active_column_count": 16,
  "train_sequences_seen": 3072,
  "train_tokens_seen": 393216,
  "eval_sequences_seen": 1896,
  "eval_tokens_seen": 242688,
  "d_model": 36,
  "ensemble_loss": 10.22928751571269,
  "avg_individual_loss": 19.3398085123376,
  "ensemble_gain": 9.11052099662491,
  "member_certainty_mean": 0.17657263661864436,
  "member_certainty_min": 0.05770772865301446,
  "member_certainty_max": 0.41914580139932756,
  "member_certainty_std": 0.09688941563797902,
  "prediction_dissimilarity_kl": 1.9774902772299852,
  "member_certainty_by_index": [
    0.08812209218740463,
    0.12042230367660522,
    0.20595166087150574,
    0.18988831341266632,
    0.2406427562236786,
    0.2593424916267395,
    0.2809934616088867,
    0.06909971684217453,
    0.06396716833114624,
    0.0873153954744339,
    0.14495447278022766,
    0.20219455659389496,
    0.1650015115737915,
    0.1645648330450058,
    0.23398123681545258,
    0.19436170160770416,
    0.19386090338230133,
    0.11479287594556808,
    0.10860058665275574,
    0.07419945299625397,
    0.09397061914205551,
    0.11985834687948227,
    0.10668505728244781,
    0.10526922345161438,
    0.08208125084638596,
    0.08843166381120682,
    0.07476168870925903,
    0.06722839176654816,
    0.04950295761227608,
    0.058205705136060715,
    0.26563340425491333,
    0.34748575091362,
    0.18974247574806213,
    0.14952480792999268,
    0.10967092961072922,
    0.09935642778873444,
    0.13143454492092133,
    0.07277796417474747,
    0.18618197739124298,
    0.16696609556674957,
    0.22908686101436615,
    0.2538568079471588,
    0.2890011966228485,
    0.2722761332988739,
    0.25477656722068787,
    0.2134084552526474,
    0.27757754921913147,
    0.551288366317749,
    0.5852821469306946,
    0.2313135713338852,
    0.24994942545890808,
    0.2074143886566162,
    0.18864838778972626,
    0.2172868698835373,
    0.19881747663021088,
    0.2941880226135254,
    0.24743527173995972,
    0.22670161724090576,
    0.17040163278579712,
    0.10356828570365906,
    0.10491254925727844,
    0.044541627168655396,
    0.09483861178159714,
    0.12009672820568085
  ],
  "most_certain_member_index": 48,
  "least_certain_member_index": 61,
  "member_certainty_range": 0.5407405197620392,
  "member_certainty_observed_count_min": 30,
  "member_certainty_observed_count_max": 51
}