{
  "k": 16,
  "total_params": 10000000,
  "scheduler": "max",
  "epochs": 2,
  "seq_len": 128,
  "batch_size": 12,
  "lr": 0.0003,
  "weight_decay": 0.1,
  "vocab_size": 32000,
  "max_train_batches": 128,
  "max_eval_batches": null,
  "compile": false,
  "num_workers": 2,
  "auto_batch_by_k": false,
  "active_column_fraction": 0.25,
  "effective_train_batch_size": 12,
  "effective_eval_batch_size": 12,
  "active_column_count": 4,
  "train_sequences_seen": 3072,
  "train_tokens_seen": 393216,
  "eval_sequences_seen": 1896,
  "eval_tokens_seen": 242688,
  "d_model": 228,
  "ensemble_loss": 15.16553411604483,
  "avg_individual_loss": 27.06538031372843,
  "ensemble_gain": 11.8998461976836,
  "member_certainty_mean": 0.18248448487889918,
  "member_certainty_min": 0.0934896461807097,
  "member_certainty_max": 0.3212124958540065,
  "member_certainty_std": 0.08949984390807303,
  "prediction_dissimilarity_kl": 0.7961406322031082,
  "member_certainty_by_index": [
    0.20333072543144226,
    0.2073410302400589,
    0.24697861075401306,
    0.2654348313808441,
    0.16492614150047302,
    0.12367412447929382,
    0.0949987843632698,
    0.1820288449525833,
    0.5980172157287598,
    0.19428662955760956,
    0.08688611537218094,
    0.06873651593923569,
    0.11316755414009094,
    0.11635452508926392,
    0.10476915538311005,
    0.16574837267398834
  ],
  "most_certain_member_index": 8,
  "least_certain_member_index": 11,
  "member_certainty_range": 0.5292806997895241,
  "member_certainty_observed_count_min": 29,
  "member_certainty_observed_count_max": 48
}