{
  "k": 128,
  "total_params": 10000000,
  "scheduler": "min",
  "epochs": 2,
  "seq_len": 128,
  "batch_size": 12,
  "lr": 0.0003,
  "weight_decay": 0.1,
  "vocab_size": 32000,
  "max_train_batches": 128,
  "max_eval_batches": null,
  "compile": false,
  "num_workers": 2,
  "auto_batch_by_k": false,
  "active_column_fraction": 0.25,
  "effective_train_batch_size": 12,
  "effective_eval_batch_size": 12,
  "active_column_count": 32,
  "train_sequences_seen": 3072,
  "train_tokens_seen": 393216,
  "eval_sequences_seen": 1896,
  "eval_tokens_seen": 242688,
  "d_model": 80,
  "ensemble_loss": 9.48326512831676,
  "avg_individual_loss": 25.12627741656726,
  "ensemble_gain": 15.643012288250501,
  "member_certainty_mean": 0.20494576939676382,
  "member_certainty_min": 0.060657085002034525,
  "member_certainty_max": 0.5100486482246013,
  "member_certainty_std": 0.11610770258533804,
  "prediction_dissimilarity_kl": 2.2994430849823773,
  "member_certainty_by_index": [
    0.16825713217258453,
    0.16934162378311157,
    0.1959025114774704,
    0.18803498148918152,
    0.15839962661266327,
    0.1773844063282013,
    0.2297748327255249,
    0.21864226460456848,
    0.19615866243839264,
    0.1933533400297165,
    0.19927069544792175,
    0.35092684626579285,
    0.1498134434223175,
    0.11140275746583939,
    0.15438148379325867,
    0.5959545969963074,
    0.3176189959049225,
    0.20949073135852814,
    0.20224571228027344,
    0.24397391080856323,
    0.2405788153409958,
    0.25259602069854736,
    0.2348545342683792,
    0.19080592691898346,
    0.18676571547985077,
    0.2164507657289505,
    0.23629429936408997,
    0.20926280319690704,
    0.2041190266609192,
    0.21010419726371765,
    0.1875312179327011,
    0.17890791594982147,
    0.20199942588806152,
    0.21584899723529816,
    0.06143999844789505,
    0.05687454342842102,
    0.05612406134605408,
    0.06437534093856812,
    0.07132422178983688,
    0.0950801819562912,
    0.10503727942705154,
    0.08611378818750381,
    0.08944053202867508,
    0.09381553530693054,
    0.08497639745473862,
    0.06264415383338928,
    0.06942006945610046,
    0.07062985002994537,
    0.08133414387702942,
    0.09586393088102341,
    0.09046835452318192,
    0.10233035683631897,
    0.07475237548351288,
    0.39656370878219604,
    0.4125444293022156,
    0.46017226576805115,
    0.5234375596046448,
    0.32078465819358826,
    0.23130615055561066,
    0.21014106273651123,
    0.15377730131149292,
    0.14601370692253113,
    0.1763722449541092,
    0.3696780502796173,
    0.3516175150871277,
    0.33194297552108765,
    0.4890046715736389,
    0.48992323875427246,
    0.3535061478614807,
    0.38080865144729614,
    0.3492814004421234,
    0.4274861812591553,
    0.4236038029193878,
    0.17147721350193024,
    0.08817040175199509,
    0.08924520015716553,
    0.08373019844293594,
    0.07666125893592834,
    0.07345395535230637,
    0.06446094810962677,
    0.19368165731430054,
    0.12519770860671997,
    0.15920960903167725,
    0.1978859007358551,
    0.11286790668964386,
    0.1329973042011261,
    0.08802048116922379,
    0.0838322713971138,
    0.0787474736571312,
    0.07135328650474548,
    0.07084092497825623,
    0.07461085915565491,
    0.0776175856590271,
    0.09543345123529434,
    0.11564182490110397,
    0.3533497452735901,
    0.24753205478191376,
    0.2881062924861908,
    0.30811479687690735,
    0.2685811221599579,
    0.39761438965797424,
    0.35920724272727966,
    0.41579800844192505,
    0.4913479685783386,
    0.2118062973022461,
    0.23112988471984863,
    0.21799540519714355,
    0.24122434854507446,
    0.2769920229911804,
    0.2545103430747986,
    0.21881011128425598,
    0.2576808035373688,
    0.21439248323440552,
    0.19890283048152924,
    0.17844074964523315,
    0.1695171743631363,
    0.15872763097286224,
    0.179188072681427,
    0.1582058221101761,
    0.15027062594890594,
    0.11937262117862701,
    0.13358595967292786,
    0.2007600963115692,
    0.18402762711048126,
    0.23094542324543,
    0.2387751340866089,
    0.1873106062412262,
    0.12260621041059494
  ],
  "most_certain_member_index": 15,
  "least_certain_member_index": 36,
  "member_certainty_range": 0.5398305356502533,
  "member_certainty_observed_count_min": 25,
  "member_certainty_observed_count_max": 53
}