{
  "k": 16,
  "total_params": 1000000,
  "scheduler": "max",
  "epochs": 2,
  "seq_len": 128,
  "batch_size": 12,
  "lr": 0.0003,
  "weight_decay": 0.1,
  "vocab_size": 32000,
  "max_train_batches": 128,
  "max_eval_batches": null,
  "compile": false,
  "num_workers": 2,
  "auto_batch_by_k": false,
  "active_column_fraction": 0.25,
  "effective_train_batch_size": 12,
  "effective_eval_batch_size": 12,
  "active_column_count": 4,
  "train_sequences_seen": 3072,
  "train_tokens_seen": 393216,
  "eval_sequences_seen": 1896,
  "eval_tokens_seen": 242688,
  "d_model": 72,
  "ensemble_loss": 13.04684083069427,
  "avg_individual_loss": 20.636219592034063,
  "ensemble_gain": 7.589378761339791,
  "member_certainty_mean": 0.10569714792544328,
  "member_certainty_min": 0.0757412904802757,
  "member_certainty_max": 0.14640192894995968,
  "member_certainty_std": 0.028035363038011556,
  "prediction_dissimilarity_kl": 0.8530867214821563,
  "member_certainty_by_index": [
    0.07134078443050385,
    0.07373370230197906,
    0.07046728581190109,
    0.1031755805015564,
    0.09620608389377594,
    0.10296948999166489,
    0.14529329538345337,
    0.1474630981683731,
    0.16104574501514435,
    0.18126258254051208,
    0.09286194294691086,
    0.10935913771390915,
    0.09623994678258896,
    0.08304744213819504,
    0.09714777022600174,
    0.07348504662513733
  ],
  "most_certain_member_index": 9,
  "least_certain_member_index": 2,
  "member_certainty_range": 0.11079529672861099,
  "member_certainty_observed_count_min": 31,
  "member_certainty_observed_count_max": 49
}