{
  "k": 128,
  "total_params": 1000000,
  "scheduler": "max",
  "epochs": 2,
  "seq_len": 128,
  "batch_size": 12,
  "lr": 0.0003,
  "weight_decay": 0.1,
  "vocab_size": 32000,
  "max_train_batches": 128,
  "max_eval_batches": null,
  "compile": false,
  "num_workers": 2,
  "auto_batch_by_k": false,
  "active_column_fraction": 0.25,
  "effective_train_batch_size": 12,
  "effective_eval_batch_size": 12,
  "active_column_count": 32,
  "train_sequences_seen": 3072,
  "train_tokens_seen": 393216,
  "eval_sequences_seen": 1896,
  "eval_tokens_seen": 242688,
  "d_model": 24,
  "ensemble_loss": 9.540576295007634,
  "avg_individual_loss": 17.75414628620389,
  "ensemble_gain": 8.213569991196259,
  "member_certainty_mean": 0.20943506665622133,
  "member_certainty_min": 0.043831034575270704,
  "member_certainty_max": 0.5369002385230004,
  "member_certainty_std": 0.13285218495168263,
  "prediction_dissimilarity_kl": 2.516618346866173,
  "member_certainty_by_index": [
    0.036105677485466,
    0.16768281161785126,
    0.21059036254882812,
    0.11407686769962311,
    0.1908670961856842,
    0.11446959525346756,
    0.12506748735904694,
    0.13633129000663757,
    0.12287106364965439,
    0.22879177331924438,
    0.44433924555778503,
    0.5808096528053284,
    0.29849642515182495,
    0.4626546800136566,
    0.45352351665496826,
    0.5201161503791809,
    0.45645710825920105,
    0.22767484188079834,
    0.311849445104599,
    0.5260584354400635,
    0.544347882270813,
    0.5045034289360046,
    0.3610007166862488,
    0.28145280480384827,
    0.07064393907785416,
    0.09218328446149826,
    0.3809683918952942,
    0.1287108212709427,
    0.136765718460083,
    0.5401908159255981,
    0.15912406146526337,
    0.1149945855140686,
    0.29990917444229126,
    0.27352744340896606,
    0.3979547917842865,
    0.08353997021913528,
    0.18227024376392365,
    0.13059163093566895,
    0.15331189334392548,
    0.15555939078330994,
    0.10097838193178177,
    0.14892858266830444,
    0.17892388999462128,
    0.2048753798007965,
    0.17420408129692078,
    0.2542755603790283,
    0.16786135733127594,
    0.1282380372285843,
    0.18923236429691315,
    0.16656364500522614,
    0.12249932438135147,
    0.26484739780426025,
    0.25467395782470703,
    0.18610484898090363,
    0.10524578392505646,
    0.05430854484438896,
    0.04798927903175354,
    0.054507918655872345,
    0.21500256657600403,
    0.1243208795785904,
    0.14117227494716644,
    0.10505849868059158,
    0.09858369082212448,
    0.1862156242132187,
    0.27122488617897034,
    0.2263220250606537,
    0.3011164665222168,
    0.33026471734046936,
    0.29719746112823486,
    0.07156731933355331,
    0.06947744637727737,
    0.26024937629699707,
    0.4513803720474243,
    0.45078596472740173,
    0.3306787312030792,
    0.3521510362625122,
    0.08982612937688828,
    0.1329057812690735,
    0.09302469342947006,
    0.0721651241183281,
    0.1009388417005539,
    0.25258976221084595,
    0.1523224413394928,
    0.19582289457321167,
    0.17104670405387878,
    0.2167430967092514,
    0.23185542225837708,
    0.07205814868211746,
    0.05057711899280548,
    0.04665372148156166,
    0.03984209522604942,
    0.11735396087169647,
    0.1842011958360672,
    0.24556460976600647,
    0.05474378168582916,
    0.06947848945856094,
    0.06767041236162186,
    0.04978225380182266,
    0.08919670432806015,
    0.11441032588481903,
    0.10222010314464569,
    0.10524660348892212,
    0.0962194874882698,
    0.30036863684654236,
    0.3635721504688263,
    0.350247859954834,
    0.30758970975875854,
    0.36440542340278625,
    0.3484508693218231,
    0.3846125602722168,
    0.1608145534992218,
    0.24255001544952393,
    0.34018030762672424,
    0.3289778232574463,
    0.35677793622016907,
    0.33869072794914246,
    0.04120185598731041,
    0.06831273436546326,
    0.3419036865234375,
    0.22523106634616852,
    0.11813049763441086,
    0.0948072150349617,
    0.17546842992305756,
    0.04933419078588486,
    0.05721846595406532,
    0.06977728754281998,
    0.06785683333873749,
    0.0646677240729332
  ],
  "most_certain_member_index": 11,
  "least_certain_member_index": 0,
  "member_certainty_range": 0.5447039753198624,
  "member_certainty_observed_count_min": 27,
  "member_certainty_observed_count_max": 52
}