{
  "k": 128,
  "total_params": 1000000,
  "scheduler": "min",
  "epochs": 2,
  "seq_len": 128,
  "batch_size": 12,
  "lr": 0.0003,
  "weight_decay": 0.1,
  "vocab_size": 32000,
  "max_train_batches": 128,
  "max_eval_batches": null,
  "compile": false,
  "num_workers": 2,
  "auto_batch_by_k": false,
  "active_column_fraction": 0.25,
  "effective_train_batch_size": 12,
  "effective_eval_batch_size": 12,
  "active_column_count": 32,
  "train_sequences_seen": 3072,
  "train_tokens_seen": 393216,
  "eval_sequences_seen": 1896,
  "eval_tokens_seen": 242688,
  "d_model": 24,
  "ensemble_loss": 9.467300644403771,
  "avg_individual_loss": 17.517692662492582,
  "ensemble_gain": 8.05039201808881,
  "member_certainty_mean": 0.22218267544160916,
  "member_certainty_min": 0.0632949668112435,
  "member_certainty_max": 0.5816891455574881,
  "member_certainty_std": 0.12118330833655369,
  "prediction_dissimilarity_kl": 2.3298329778864413,
  "member_certainty_by_index": [
    0.17359530925750732,
    0.15334489941596985,
    0.15182621777057648,
    0.11032795161008835,
    0.11278755962848663,
    0.10722369700670242,
    0.17779946327209473,
    0.22129939496517181,
    0.21691535413265228,
    0.23389576375484467,
    0.1989940106868744,
    0.2242913395166397,
    0.2041446566581726,
    0.15201742947101593,
    0.1274716556072235,
    0.132512629032135,
    0.09498081356287003,
    0.06361189484596252,
    0.048620790243148804,
    0.09729355573654175,
    0.27825334668159485,
    0.4654017686843872,
    0.48129576444625854,
    0.37162524461746216,
    0.37157654762268066,
    0.3411214351654053,
    0.36440783739089966,
    0.39579883217811584,
    0.133725106716156,
    0.1322169452905655,
    0.10195816308259964,
    0.0772605836391449,
    0.09098973125219345,
    0.18644359707832336,
    0.6772254705429077,
    0.6474289894104004,
    0.48583635687828064,
    0.5746128559112549,
    0.5379297137260437,
    0.13497014343738556,
    0.13831277191638947,
    0.09619608521461487,
    0.16877032816410065,
    0.3057749569416046,
    0.17687830328941345,
    0.2410915195941925,
    0.26480910181999207,
    0.3663887679576874,
    0.30783942341804504,
    0.2056404948234558,
    0.23773865401744843,
    0.28438329696655273,
    0.3176567852497101,
    0.23090524971485138,
    0.07479330152273178,
    0.07153460383415222,
    0.07369481027126312,
    0.09739258885383606,
    0.07266611605882645,
    0.06233077868819237,
    0.14772118628025055,
    0.2663131654262543,
    0.3981872498989105,
    0.34781360626220703,
    0.3139403164386749,
    0.2089042067527771,
    0.1170850321650505,
    0.13329850137233734,
    0.15333767235279083,
    0.145101398229599,
    0.18146170675754547,
    0.15217474102973938,
    0.18883565068244934,
    0.07917269319295883,
    0.1081315353512764,
    0.12053586542606354,
    0.1284167766571045,
    0.14150388538837433,
    0.1288899928331375,
    0.10212454199790955,
    0.10197839885950089,
    0.12095992267131805,
    0.08630183339118958,
    0.08321627229452133,
    0.1124119907617569,
    0.20184966921806335,
    0.20563887059688568,
    0.2293272763490677,
    0.2546176016330719,
    0.25828245282173157,
    0.22823405265808105,
    0.28151336312294006,
    0.18120023608207703,
    0.2373928725719452,
    0.2270224690437317,
    0.1302742213010788,
    0.2421923577785492,
    0.1138007864356041,
    0.12188446521759033,
    0.10267873108386993,
    0.11142397671937943,
    0.14401875436306,
    0.25838711857795715,
    0.26909348368644714,
    0.3036731779575348,
    0.29299405217170715,
    0.21861334145069122,
    0.11001995950937271,
    0.308173805475235,
    0.34006065130233765,
    0.34243133664131165,
    0.3373497426509857,
    0.36496222019195557,
    0.3642726242542267,
    0.34222233295440674,
    0.36283302307128906,
    0.3826618194580078,
    0.3780882954597473,
    0.3320677876472473,
    0.2716994285583496,
    0.2631661593914032,
    0.26407045125961304,
    0.2434707134962082,
    0.20530550181865692,
    0.22378717362880707,
    0.1984420269727707,
    0.21533189713954926,
    0.223849818110466
  ],
  "most_certain_member_index": 34,
  "least_certain_member_index": 18,
  "member_certainty_range": 0.6286046802997589,
  "member_certainty_observed_count_min": 28,
  "member_certainty_observed_count_max": 51
}