{
  "k": 16,
  "total_params": 1000000,
  "scheduler": "min",
  "epochs": 2,
  "seq_len": 128,
  "batch_size": 12,
  "lr": 0.0003,
  "weight_decay": 0.1,
  "vocab_size": 32000,
  "max_train_batches": 128,
  "max_eval_batches": null,
  "compile": false,
  "num_workers": 2,
  "auto_batch_by_k": false,
  "active_column_fraction": 0.25,
  "effective_train_batch_size": 12,
  "effective_eval_batch_size": 12,
  "active_column_count": 4,
  "train_sequences_seen": 3072,
  "train_tokens_seen": 393216,
  "eval_sequences_seen": 1896,
  "eval_tokens_seen": 242688,
  "d_model": 72,
  "ensemble_loss": 12.99450269530091,
  "avg_individual_loss": 20.960924353780626,
  "ensemble_gain": 7.966421658479715,
  "member_certainty_mean": 0.11092647660193564,
  "member_certainty_min": 0.06878906490776358,
  "member_certainty_max": 0.15194050972408887,
  "member_certainty_std": 0.03301376355679329,
  "prediction_dissimilarity_kl": 0.9150356841804106,
  "member_certainty_by_index": [
    0.17478838562965393,
    0.1363348811864853,
    0.12229494005441666,
    0.11310387402772903,
    0.11754810810089111,
    0.07702568173408508,
    0.06128423288464546,
    0.054663702845573425,
    0.06554823368787766,
    0.05495421960949898,
    0.07058897614479065,
    0.12971210479736328,
    0.16582326591014862,
    0.12658251821994781,
    0.133322611451149,
    0.12864245474338531
  ],
  "most_certain_member_index": 0,
  "least_certain_member_index": 7,
  "member_certainty_range": 0.1201246827840805,
  "member_certainty_observed_count_min": 30,
  "member_certainty_observed_count_max": 55
}