{
  "k": 16,
  "total_params": 10000000,
  "scheduler": "min",
  "epochs": 2,
  "seq_len": 128,
  "batch_size": 12,
  "lr": 0.0003,
  "weight_decay": 0.1,
  "vocab_size": 32000,
  "max_train_batches": 128,
  "max_eval_batches": null,
  "compile": false,
  "num_workers": 2,
  "auto_batch_by_k": false,
  "active_column_fraction": 0.25,
  "effective_train_batch_size": 12,
  "effective_eval_batch_size": 12,
  "active_column_count": 4,
  "train_sequences_seen": 3072,
  "train_tokens_seen": 393216,
  "eval_sequences_seen": 1896,
  "eval_tokens_seen": 242688,
  "d_model": 228,
  "ensemble_loss": 13.647183297555658,
  "avg_individual_loss": 27.13361573521095,
  "ensemble_gain": 13.486432437655292,
  "member_certainty_mean": 0.1636064907040777,
  "member_certainty_min": 0.10802090113770359,
  "member_certainty_max": 0.21882153707969038,
  "member_certainty_std": 0.042519362083388655,
  "prediction_dissimilarity_kl": 0.6643347128565553,
  "member_certainty_by_index": [
    0.18535853922367096,
    0.20133957266807556,
    0.2980441749095917,
    0.15819041430950165,
    0.16095931828022003,
    0.13591715693473816,
    0.17446555197238922,
    0.1629892736673355,
    0.2197486013174057,
    0.20381785929203033,
    0.187224343419075,
    0.1022394672036171,
    0.07772869616746902,
    0.0699329599738121,
    0.1448754370212555,
    0.1370660662651062
  ],
  "most_certain_member_index": 2,
  "least_certain_member_index": 13,
  "member_certainty_range": 0.22811121493577957,
  "member_certainty_observed_count_min": 29,
  "member_certainty_observed_count_max": 50
}