{
  "k": 128,
  "total_params": 10000000,
  "scheduler": "max",
  "epochs": 2,
  "seq_len": 128,
  "batch_size": 12,
  "lr": 0.0003,
  "weight_decay": 0.1,
  "vocab_size": 32000,
  "max_train_batches": 128,
  "max_eval_batches": null,
  "compile": false,
  "num_workers": 2,
  "auto_batch_by_k": false,
  "active_column_fraction": 0.25,
  "effective_train_batch_size": 12,
  "effective_eval_batch_size": 12,
  "active_column_count": 32,
  "train_sequences_seen": 3072,
  "train_tokens_seen": 393216,
  "eval_sequences_seen": 1896,
  "eval_tokens_seen": 242688,
  "d_model": 80,
  "ensemble_loss": 9.369933858702455,
  "avg_individual_loss": 25.28670585004589,
  "ensemble_gain": 15.916771991343438,
  "member_certainty_mean": 0.2184171319196496,
  "member_certainty_min": 0.04468935690348661,
  "member_certainty_max": 0.6165074681556677,
  "member_certainty_std": 0.14009202804557885,
  "prediction_dissimilarity_kl": 2.471613997145544,
  "member_certainty_by_index": [
    0.38969430327415466,
    0.49729105830192566,
    0.44218719005584717,
    0.3871142864227295,
    0.33132365345954895,
    0.4302685558795929,
    0.5776470899581909,
    0.8286123871803284,
    0.7327008247375488,
    0.2076980471611023,
    0.26238885521888733,
    0.28392279148101807,
    0.31022754311561584,
    0.29568639397621155,
    0.3412182629108429,
    0.36528900265693665,
    0.39173948764801025,
    0.29692766070365906,
    0.2747144103050232,
    0.2202194333076477,
    0.22256407141685486,
    0.2396695762872696,
    0.27577483654022217,
    0.1129712462425232,
    0.11044749617576599,
    0.0860714390873909,
    0.08300449699163437,
    0.12787851691246033,
    0.1317998766899109,
    0.12911228835582733,
    0.0991751179099083,
    0.09180782735347748,
    0.09870567172765732,
    0.11049623042345047,
    0.10340969264507294,
    0.08151733875274658,
    0.09747778624296188,
    0.0909060537815094,
    0.2535613775253296,
    0.16667844355106354,
    0.205500528216362,
    0.1774018108844757,
    0.14515642821788788,
    0.17263904213905334,
    0.5930212140083313,
    0.5467615723609924,
    0.5113229751586914,
    0.33136796951293945,
    0.2512100040912628,
    0.2292999029159546,
    0.27626609802246094,
    0.2547404170036316,
    0.28690770268440247,
    0.1480170041322708,
    0.1328100562095642,
    0.13485762476921082,
    0.13627420365810394,
    0.17825859785079956,
    0.2103879600763321,
    0.17323079705238342,
    0.20116740465164185,
    0.34012311697006226,
    0.39449119567871094,
    0.19895021617412567,
    0.2106354534626007,
    0.1964140683412552,
    0.20266656577587128,
    0.198541060090065,
    0.2024310827255249,
    0.20553739368915558,
    0.21293114125728607,
    0.3138517439365387,
    0.18142077326774597,
    0.31039533019065857,
    0.2756817042827606,
    0.2607436180114746,
    0.17446815967559814,
    0.07181615382432938,
    0.06135111302137375,
    0.04511396586894989,
    0.037803348153829575,
    0.06637522578239441,
    0.05767697095870972,
    0.31681111454963684,
    0.3449935019016266,
    0.38137033581733704,
    0.33311471343040466,
    0.38490280508995056,
    0.4032860994338989,
    0.301756352186203,
    0.19280968606472015,
    0.055540043860673904,
    0.06283918023109436,
    0.06334734708070755,
    0.05550958961248398,
    0.0593230202794075,
    0.06803223490715027,
    0.07853321731090546,
    0.10118311643600464,
    0.08746082335710526,
    0.07204926013946533,
    0.07563292980194092,
    0.07990245521068573,
    0.07898898422718048,
    0.07864148169755936,
    0.0724979117512703,
    0.19771496951580048,
    0.20045945048332214,
    0.20372754335403442,
    0.1032407358288765,
    0.09971000254154205,
    0.22408699989318848,
    0.34826865792274475,
    0.44111305475234985,
    0.5368441343307495,
    0.38410109281539917,
    0.11189229041337967,
    0.12364567816257477,
    0.15577608346939087,
    0.14928564429283142,
    0.05137619376182556,
    0.06641824543476105,
    0.05465010181069374,
    0.03939824178814888,
    0.040969837456941605,
    0.27123427391052246,
    0.31917306780815125,
    0.3685746192932129
  ],
  "most_certain_member_index": 7,
  "least_certain_member_index": 80,
  "member_certainty_range": 0.7908090390264988,
  "member_certainty_observed_count_min": 26,
  "member_certainty_observed_count_max": 54
}