{
  "k": 64,
  "total_params": 10000000,
  "scheduler": "max",
  "epochs": 2,
  "seq_len": 128,
  "batch_size": 12,
  "lr": 0.0003,
  "weight_decay": 0.1,
  "vocab_size": 32000,
  "max_train_batches": 128,
  "max_eval_batches": null,
  "compile": false,
  "num_workers": 2,
  "auto_batch_by_k": false,
  "active_column_fraction": 0.25,
  "effective_train_batch_size": 12,
  "effective_eval_batch_size": 12,
  "active_column_count": 16,
  "train_sequences_seen": 3072,
  "train_tokens_seen": 393216,
  "eval_sequences_seen": 1896,
  "eval_tokens_seen": 242688,
  "d_model": 114,
  "ensemble_loss": 10.377061198029336,
  "avg_individual_loss": 27.338874080513097,
  "ensemble_gain": 16.96181288248376,
  "member_certainty_mean": 0.21950197521644302,
  "member_certainty_min": 0.07653032097069523,
  "member_certainty_max": 0.5985340200647523,
  "member_certainty_std": 0.14073302742989757,
  "prediction_dissimilarity_kl": 1.9423853098591672,
  "member_certainty_by_index": [
    0.0995045155286789,
    0.08781319856643677,
    0.0883011519908905,
    0.2852475643157959,
    0.26249992847442627,
    0.25405171513557434,
    0.3946508467197418,
    0.1533534973859787,
    0.16753868758678436,
    0.2625926733016968,
    0.13844694197177887,
    0.18065066635608673,
    0.16483470797538757,
    0.27730610966682434,
    0.12118539959192276,
    0.14906394481658936,
    0.07866916805505753,
    0.07008431851863861,
    0.06950673460960388,
    0.06798529624938965,
    0.6188369393348694,
    0.48147809505462646,
    0.4217935800552368,
    0.4997587502002716,
    0.40418028831481934,
    0.2542244493961334,
    0.32237836718559265,
    0.22562284767627716,
    0.17335475981235504,
    0.2860688269138336,
    0.2860114574432373,
    0.5008842945098877,
    0.7963559627532959,
    0.6247972846031189,
    0.19085368514060974,
    0.12490501254796982,
    0.13497036695480347,
    0.09444944560527802,
    0.12878359854221344,
    0.1979185789823532,
    0.15996773540973663,
    0.2103932499885559,
    0.1762295365333557,
    0.16507035493850708,
    0.24220198392868042,
    0.2680879533290863,
    0.3009742200374603,
    0.18770068883895874,
    0.09232345968484879,
    0.09129267930984497,
    0.09088821709156036,
    0.10207679867744446,
    0.09153382480144501,
    0.09357120841741562,
    0.10294871777296066,
    0.1842009425163269,
    0.18949176371097565,
    0.12895174324512482,
    0.15010610222816467,
    0.19308823347091675,
    0.19839464128017426,
    0.11210638284683228,
    0.09804770350456238,
    0.10189405828714371
  ],
  "most_certain_member_index": 32,
  "least_certain_member_index": 19,
  "member_certainty_range": 0.7283706665039062,
  "member_certainty_observed_count_min": 26,
  "member_certainty_observed_count_max": 50
}