{
  "k": 64,
  "total_params": 1000000,
  "scheduler": "min",
  "epochs": 2,
  "seq_len": 128,
  "batch_size": 12,
  "lr": 0.0003,
  "weight_decay": 0.1,
  "vocab_size": 32000,
  "max_train_batches": 128,
  "max_eval_batches": null,
  "compile": false,
  "num_workers": 2,
  "auto_batch_by_k": false,
  "active_column_fraction": 0.25,
  "effective_train_batch_size": 12,
  "effective_eval_batch_size": 12,
  "active_column_count": 16,
  "train_sequences_seen": 3072,
  "train_tokens_seen": 393216,
  "eval_sequences_seen": 1896,
  "eval_tokens_seen": 242688,
  "d_model": 36,
  "ensemble_loss": 10.282847247546233,
  "avg_individual_loss": 19.42179787309864,
  "ensemble_gain": 9.138950625552408,
  "member_certainty_mean": 0.18135439500778536,
  "member_certainty_min": 0.06308477254042143,
  "member_certainty_max": 0.3995636845879917,
  "member_certainty_std": 0.09391104545491406,
  "prediction_dissimilarity_kl": 2.011086222491687,
  "member_certainty_by_index": [
    0.3119243085384369,
    0.3726630210876465,
    0.5023709535598755,
    0.10885148495435715,
    0.07660561800003052,
    0.0952124372124672,
    0.2732897996902466,
    0.4411308169364929,
    0.16489732265472412,
    0.17683757841587067,
    0.15346074104309082,
    0.1539648026227951,
    0.19452844560146332,
    0.14409153163433075,
    0.09485819935798645,
    0.0704682245850563,
    0.08099023252725601,
    0.04520811885595322,
    0.072071373462677,
    0.0621037483215332,
    0.05858797952532768,
    0.06588022410869598,
    0.10099706053733826,
    0.09103793650865555,
    0.10012222081422806,
    0.11438751965761185,
    0.11637313663959503,
    0.28414297103881836,
    0.31595146656036377,
    0.24567845463752747,
    0.2912059426307678,
    0.2673310339450836,
    0.190702423453331,
    0.12767097353935242,
    0.06149546802043915,
    0.08267252892255783,
    0.11509622633457184,
    0.13030773401260376,
    0.18102505803108215,
    0.22187303006649017,
    0.18689687550067902,
    0.16726794838905334,
    0.19092988967895508,
    0.1794251948595047,
    0.14784711599349976,
    0.1361347883939743,
    0.11917664855718613,
    0.15888123214244843,
    0.20771853625774384,
    0.1900710016489029,
    0.18582876026630402,
    0.17664247751235962,
    0.3784943222999573,
    0.23621059954166412,
    0.09395363926887512,
    0.0937184989452362,
    0.11665979772806168,
    0.08455954492092133,
    0.3125583529472351,
    0.2487812042236328,
    0.2182341367006302,
    0.23935243487358093,
    0.2593294382095337,
    0.31827566027641296
  ],
  "most_certain_member_index": 2,
  "least_certain_member_index": 17,
  "member_certainty_range": 0.45716283470392227,
  "member_certainty_observed_count_min": 29,
  "member_certainty_observed_count_max": 50
}