{
  "k": 64,
  "total_params": 1000000,
  "scheduler": "max",
  "epochs": 2,
  "seq_len": 128,
  "batch_size": 12,
  "lr": 0.0003,
  "weight_decay": 0.1,
  "vocab_size": 32000,
  "max_train_batches": 128,
  "max_eval_batches": null,
  "compile": false,
  "num_workers": 2,
  "auto_batch_by_k": false,
  "active_column_fraction": 1.0,
  "grad_accum_steps": 12,
  "effective_train_batch_size": 12,
  "micro_train_batch_size": 1,
  "effective_eval_batch_size": 1,
  "active_column_count": 64,
  "train_sequences_seen": 3072,
  "train_tokens_seen": 393216,
  "eval_sequences_seen": 1888,
  "eval_tokens_seen": 241664,
  "d_model": 36,
  "ensemble_loss": 8.41501054243516,
  "avg_individual_loss": 20.96819293903092,
  "ensemble_gain": 12.55318239659576,
  "member_certainty_mean": 0.34180338499215196,
  "member_certainty_min": 0.03392991683962834,
  "member_certainty_max": 0.97086164475245,
  "member_certainty_std": 0.2919251161895819,
  "prediction_dissimilarity_kl": 3.5894204600382658,
  "member_certainty_by_index": [
    0.940315306186676,
    0.20256483554840088,
    0.1753084510564804,
    0.4439047574996948,
    0.3496870696544647,
    0.26507705450057983,
    0.9186124205589294,
    0.25713786482810974,
    0.05785108730196953,
    0.13559091091156006,
    0.34623095393180847,
    0.7530287504196167,
    0.3562184274196625,
    0.10585188120603561,
    0.13564492762088776,
    0.1608830988407135,
    0.8949939012527466,
    0.13257646560668945,
    0.3184935450553894,
    0.2216206192970276,
    0.35807207226753235,
    0.1766224503517151,
    0.1312335729598999,
    0.2314530611038208,
    0.8535066246986389,
    0.33513304591178894,
    0.4472457468509674,
    0.12250318378210068,
    0.3302710950374603,
    0.10554124414920807,
    0.09217888116836548,
    0.7811939716339111,
    0.07803277671337128,
    0.2769603431224823,
    0.13603650033473969,
    0.44987383484840393,
    0.21172070503234863,
    0.1024162545800209,
    0.5525374412536621,
    0.06657605618238449,
    0.47575297951698303,
    0.9423491954803467,
    0.9701760411262512,
    0.686980664730072,
    0.8962751626968384,
    0.5479758977890015,
    0.18336711823940277,
    0.15850089490413666,
    0.03522955998778343,
    0.10658838599920273,
    0.35368606448173523,
    0.046658262610435486,
    0.1288408786058426,
    0.0556032769382,
    0.038612738251686096,
    0.03973517194390297,
    0.0805831104516983,
    0.0703875720500946,
    0.15590643882751465,
    0.4715818166732788,
    0.047616150230169296,
    0.8065556287765503,
    0.9500370621681213,
    0.6157192587852478
  ],
  "most_certain_member_index": 42,
  "least_certain_member_index": 48,
  "member_certainty_range": 0.9349464811384678,
  "member_certainty_observed_count_min": 1888,
  "member_certainty_observed_count_max": 1888
}