{
  "k": 64,
  "total_params": 10000000,
  "scheduler": "min",
  "epochs": 2,
  "seq_len": 128,
  "batch_size": 12,
  "lr": 0.0003,
  "weight_decay": 0.1,
  "vocab_size": 32000,
  "max_train_batches": 128,
  "max_eval_batches": null,
  "compile": false,
  "num_workers": 2,
  "auto_batch_by_k": false,
  "active_column_fraction": 1.0,
  "grad_accum_steps": 12,
  "effective_train_batch_size": 12,
  "micro_train_batch_size": 1,
  "effective_eval_batch_size": 1,
  "active_column_count": 64,
  "train_sequences_seen": 3072,
  "train_tokens_seen": 393216,
  "eval_sequences_seen": 1888,
  "eval_tokens_seen": 241664,
  "d_model": 114,
  "ensemble_loss": 8.398748360447964,
  "avg_individual_loss": 30.360223975221988,
  "ensemble_gain": 21.961475614774024,
  "member_certainty_mean": 0.35104842641848627,
  "member_certainty_min": 0.062159675654907855,
  "member_certainty_max": 0.9813712166022446,
  "member_certainty_std": 0.2857010539431693,
  "prediction_dissimilarity_kl": 3.5728038461026497,
  "member_certainty_by_index": [
    0.24358387291431427,
    0.11513489484786987,
    0.22002843022346497,
    0.11112140119075775,
    0.10587875545024872,
    0.16408304870128632,
    0.6777612566947937,
    0.12427186965942383,
    0.32161152362823486,
    0.1931491494178772,
    0.35385844111442566,
    0.27957427501678467,
    0.28824812173843384,
    0.9268285036087036,
    0.154989555478096,
    0.3584429919719696,
    0.9788926243782043,
    0.06717216968536377,
    0.10017463564872742,
    0.11617182195186615,
    0.26607611775398254,
    0.8769348859786987,
    0.5042015314102173,
    0.08123468607664108,
    0.1112227812409401,
    0.12043115496635437,
    0.12167292833328247,
    0.16800931096076965,
    0.14140549302101135,
    0.2779971659183502,
    0.7372499704360962,
    0.9287759065628052,
    0.5850563645362854,
    0.17886120080947876,
    0.2132333517074585,
    0.14396488666534424,
    0.43414339423179626,
    0.08413705974817276,
    0.6766191124916077,
    0.4871874153614044,
    0.11258559674024582,
    0.8394574522972107,
    0.45153719186782837,
    0.27592650055885315,
    0.15945042669773102,
    0.4527970850467682,
    0.23285208642482758,
    0.12614983320236206,
    0.2436540126800537,
    0.8572533130645752,
    0.9326298236846924,
    0.15063945949077606,
    0.9722528457641602,
    0.9119019508361816,
    0.3332388401031494,
    0.7489079236984253,
    0.1186767965555191,
    0.16969597339630127,
    0.06820069998502731,
    0.24909783899784088,
    0.23866868019104004,
    0.17631645500659943,
    0.5254034996032715,
    0.08041229844093323
  ],
  "most_certain_member_index": 16,
  "least_certain_member_index": 17,
  "member_certainty_range": 0.9117204546928406,
  "member_certainty_observed_count_min": 1888,
  "member_certainty_observed_count_max": 1888
}