{
  "k": 128,
  "total_params": 10000000,
  "scheduler": "min",
  "epochs": 2,
  "seq_len": 128,
  "batch_size": 12,
  "lr": 0.0003,
  "weight_decay": 0.1,
  "vocab_size": 32000,
  "max_train_batches": 128,
  "max_eval_batches": null,
  "compile": false,
  "num_workers": 2,
  "auto_batch_by_k": false,
  "active_column_fraction": 1.0,
  "grad_accum_steps": 12,
  "effective_train_batch_size": 12,
  "micro_train_batch_size": 1,
  "effective_eval_batch_size": 1,
  "active_column_count": 128,
  "train_sequences_seen": 3072,
  "train_tokens_seen": 393216,
  "eval_sequences_seen": 1888,
  "eval_tokens_seen": 241664,
  "d_model": 80,
  "ensemble_loss": 8.315471810304512,
  "avg_individual_loss": 27.60164890652996,
  "ensemble_gain": 19.286177096225448,
  "member_certainty_mean": 0.38571560629091023,
  "member_certainty_min": 0.06061332184679301,
  "member_certainty_max": 0.9952232716447216,
  "member_certainty_std": 0.30557601649503585,
  "prediction_dissimilarity_kl": 3.861724642752591,
  "member_certainty_by_index": [
    0.2537006437778473,
    0.8819041848182678,
    0.9845350980758667,
    0.8643880486488342,
    0.19887275993824005,
    0.09527790546417236,
    0.5648766756057739,
    0.13203071057796478,
    0.5568625926971436,
    0.14952152967453003,
    0.06937113404273987,
    0.09328939765691757,
    0.10345400869846344,
    0.8024907112121582,
    0.18515264987945557,
    0.1663237065076828,
    0.32442522048950195,
    0.16730652749538422,
    0.2350689321756363,
    0.7493905425071716,
    0.3053830564022064,
    0.543038010597229,
    0.32530567049980164,
    0.48119428753852844,
    0.17043347656726837,
    0.09889698773622513,
    0.20990560948848724,
    0.47321179509162903,
    0.5730976462364197,
    0.08194834738969803,
    0.22592921555042267,
    0.08859588950872421,
    0.07289797067642212,
    0.40316537022590637,
    0.16093116998672485,
    0.11532729864120483,
    0.20956026017665863,
    0.21325728297233582,
    0.09395789355039597,
    0.2470880001783371,
    0.11462992429733276,
    0.33519449830055237,
    0.16592536866664886,
    0.23971080780029297,
    0.17062874138355255,
    0.12251558154821396,
    0.15350334346294403,
    0.07943949103355408,
    0.4689968228340149,
    0.24211373925209045,
    0.09257455915212631,
    0.5633583664894104,
    0.5586787462234497,
    0.5483570694923401,
    0.8960607051849365,
    0.3070577085018158,
    0.07377251982688904,
    0.22031491994857788,
    0.07396961003541946,
    0.43587854504585266,
    0.9123525023460388,
    0.3169504404067993,
    0.09607196599245071,
    0.6724845170974731,
    0.857197105884552,
    0.22588451206684113,
    0.10605957359075546,
    0.8043901920318604,
    0.11815883964300156,
    0.206560879945755,
    0.1694432646036148,
    0.3872222304344177,
    0.9805535078048706,
    0.9917073845863342,
    0.8925108313560486,
    0.3972433805465698,
    0.8477520942687988,
    0.08889786154031754,
    0.30325597524642944,
    0.12533651292324066,
    0.29521363973617554,
    0.8369017839431763,
    0.18883122503757477,
    0.6489983797073364,
    0.2464764416217804,
    0.09657085686922073,
    0.07720459252595901,
    0.34963834285736084,
    0.19392582774162292,
    0.11467497795820236,
    0.16381621360778809,
    0.20425213873386383,
    0.45698675513267517,
    0.08265107870101929,
    0.8473557233810425,
    0.9750661253929138,
    0.9931191802024841,
    0.9884786605834961,
    0.8940286040306091,
    0.21685321629047394,
    0.11049763858318329,
    0.4269578158855438,
    0.23664610087871552,
    0.992843747138977,
    0.960729718208313,
    0.10217978060245514,
    0.49445998668670654,
    0.12099497765302658,
    0.08930875360965729,
    0.12406381219625473,
    0.4039066731929779,
    0.19806383550167084,
    0.7123890519142151,
    0.31310078501701355,
    0.44816040992736816,
    0.1616189330816269,
    0.856873631477356,
    0.9481778740882874,
    0.8699712157249451,
    0.21880649030208588,
    0.8021645545959473,
    0.9304148554801941,
    0.5436187386512756,
    0.12352374196052551,
    0.10824985057115555,
    0.6333658695220947,
    0.2796877324581146,
    0.25569188594818115
  ],
  "most_certain_member_index": 96,
  "least_certain_member_index": 10,
  "member_certainty_range": 0.9237480461597443,
  "member_certainty_observed_count_min": 1888,
  "member_certainty_observed_count_max": 1888
}