{
  "k": 64,
  "total_params": 1000000,
  "scheduler": "min",
  "epochs": 2,
  "seq_len": 128,
  "batch_size": 12,
  "lr": 0.0003,
  "weight_decay": 0.1,
  "vocab_size": 32000,
  "max_train_batches": 128,
  "max_eval_batches": null,
  "compile": false,
  "num_workers": 2,
  "auto_batch_by_k": false,
  "active_column_fraction": 1.0,
  "grad_accum_steps": 12,
  "effective_train_batch_size": 12,
  "micro_train_batch_size": 1,
  "effective_eval_batch_size": 1,
  "active_column_count": 64,
  "train_sequences_seen": 3072,
  "train_tokens_seen": 393216,
  "eval_sequences_seen": 1888,
  "eval_tokens_seen": 241664,
  "d_model": 36,
  "ensemble_loss": 8.78234994588262,
  "avg_individual_loss": 20.415457327487104,
  "ensemble_gain": 11.633107381604486,
  "member_certainty_mean": 0.33742288913640933,
  "member_certainty_min": 0.034478239110331606,
  "member_certainty_max": 0.9194186355097819,
  "member_certainty_std": 0.2423462623619806,
  "prediction_dissimilarity_kl": 3.21589866065878,
  "member_certainty_by_index": [
    0.08391331881284714,
    0.061744846403598785,
    0.09444259852170944,
    0.21674498915672302,
    0.0361432209610939,
    0.6777113080024719,
    0.8945220708847046,
    0.8446406126022339,
    0.09192875772714615,
    0.5070153474807739,
    0.45470696687698364,
    0.6013355851173401,
    0.7287078499794006,
    0.7355283498764038,
    0.21412062644958496,
    0.24064750969409943,
    0.29550033807754517,
    0.6372922658920288,
    0.8920876979827881,
    0.5400872230529785,
    0.14303351938724518,
    0.09721621870994568,
    0.3894965648651123,
    0.522689163684845,
    0.3141372799873352,
    0.2772586941719055,
    0.8230763673782349,
    0.1697937399148941,
    0.07204307615756989,
    0.41087406873703003,
    0.46723997592926025,
    0.16112273931503296,
    0.1552368700504303,
    0.521148681640625,
    0.12404697388410568,
    0.1495099812746048,
    0.09193699806928635,
    0.14214245975017548,
    0.17819806933403015,
    0.11487716436386108,
    0.45939886569976807,
    0.06834564357995987,
    0.2459702044725418,
    0.191982239484787,
    0.07138291001319885,
    0.22085531055927277,
    0.2421819269657135,
    0.1925337016582489,
    0.5802774429321289,
    0.5216533541679382,
    0.16838926076889038,
    0.5521311163902283,
    0.1327880620956421,
    0.175841823220253,
    0.08448292315006256,
    0.5024258494377136,
    0.3632274568080902,
    0.5366284847259521,
    0.36391109228134155,
    0.2228567898273468,
    0.4763476252555847,
    0.48526692390441895,
    0.49831247329711914,
    0.06397291272878647
  ],
  "most_certain_member_index": 6,
  "least_certain_member_index": 4,
  "member_certainty_range": 0.8583788499236107,
  "member_certainty_observed_count_min": 1888,
  "member_certainty_observed_count_max": 1888
}