{
  "k": 16,
  "total_params": 1000000,
  "scheduler": "min",
  "epochs": 2,
  "seq_len": 128,
  "batch_size": 12,
  "lr": 0.0003,
  "weight_decay": 0.1,
  "vocab_size": 32000,
  "max_train_batches": 128,
  "max_eval_batches": null,
  "compile": false,
  "num_workers": 2,
  "auto_batch_by_k": false,
  "active_column_fraction": 1.0,
  "grad_accum_steps": 12,
  "effective_train_batch_size": 12,
  "micro_train_batch_size": 1,
  "effective_eval_batch_size": 1,
  "active_column_count": 16,
  "train_sequences_seen": 3072,
  "train_tokens_seen": 393216,
  "eval_sequences_seen": 1888,
  "eval_tokens_seen": 241664,
  "d_model": 72,
  "ensemble_loss": 9.25534916504965,
  "avg_individual_loss": 24.10574599342831,
  "ensemble_gain": 14.850396828378662,
  "member_certainty_mean": 0.28141088954220383,
  "member_certainty_min": 0.08359949798441603,
  "member_certainty_max": 0.6791957382239022,
  "member_certainty_std": 0.1734739280447869,
  "prediction_dissimilarity_kl": 2.5232189482046388,
  "member_certainty_by_index": [
    0.5303908586502075,
    0.22234223783016205,
    0.09208706766366959,
    0.10532764345407486,
    0.21440106630325317,
    0.12722380459308624,
    0.5203275084495544,
    0.394796222448349,
    0.3440469205379486,
    0.3505198061466217,
    0.2003142088651657,
    0.0897102877497673,
    0.28495267033576965,
    0.6783461570739746,
    0.1625867784023285,
    0.1852003037929535
  ],
  "most_certain_member_index": 13,
  "least_certain_member_index": 11,
  "member_certainty_range": 0.5886358693242073,
  "member_certainty_observed_count_min": 1888,
  "member_certainty_observed_count_max": 1888
}