{
  "k": 16,
  "total_params": 10000000,
  "scheduler": "min",
  "epochs": 2,
  "seq_len": 128,
  "batch_size": 12,
  "lr": 0.0003,
  "weight_decay": 0.1,
  "vocab_size": 32000,
  "max_train_batches": 128,
  "max_eval_batches": null,
  "compile": false,
  "num_workers": 2,
  "auto_batch_by_k": false,
  "active_column_fraction": 1.0,
  "grad_accum_steps": 12,
  "effective_train_batch_size": 12,
  "micro_train_batch_size": 1,
  "effective_eval_batch_size": 1,
  "active_column_count": 16,
  "train_sequences_seen": 3072,
  "train_tokens_seen": 393216,
  "eval_sequences_seen": 1888,
  "eval_tokens_seen": 241664,
  "d_model": 228,
  "ensemble_loss": 9.077995700351263,
  "avg_individual_loss": 34.28826726493189,
  "ensemble_gain": 25.210271564580626,
  "member_certainty_mean": 0.31270330238266514,
  "member_certainty_min": 0.06989208442924576,
  "member_certainty_max": 0.9039988366223998,
  "member_certainty_std": 0.2406298698131311,
  "prediction_dissimilarity_kl": 2.53753247756069,
  "member_certainty_by_index": [
    0.1241464838385582,
    0.32585641741752625,
    0.1751316785812378,
    0.6774930357933044,
    0.9039991497993469,
    0.2706422209739685,
    0.1497277468442917,
    0.0842997208237648,
    0.14678901433944702,
    0.3430364429950714,
    0.5431727766990662,
    0.6340736150741577,
    0.15982334315776825,
    0.2236577570438385,
    0.16832196712493896,
    0.07308104634284973
  ],
  "most_certain_member_index": 4,
  "least_certain_member_index": 15,
  "member_certainty_range": 0.8309181034564972,
  "member_certainty_observed_count_min": 1888,
  "member_certainty_observed_count_max": 1888
}