{
  "k": 64,
  "total_params": 10000000,
  "scheduler": "max",
  "epochs": 2,
  "seq_len": 128,
  "batch_size": 12,
  "lr": 0.0003,
  "weight_decay": 0.1,
  "vocab_size": 32000,
  "max_train_batches": 128,
  "max_eval_batches": null,
  "compile": false,
  "num_workers": 2,
  "auto_batch_by_k": false,
  "active_column_fraction": 1.0,
  "grad_accum_steps": 12,
  "effective_train_batch_size": 12,
  "micro_train_batch_size": 1,
  "effective_eval_batch_size": 1,
  "active_column_count": 64,
  "train_sequences_seen": 3072,
  "train_tokens_seen": 393216,
  "eval_sequences_seen": 1888,
  "eval_tokens_seen": 241664,
  "d_model": 114,
  "ensemble_loss": 8.245663029662634,
  "avg_individual_loss": 31.413189449552764,
  "ensemble_gain": 23.16752641989013,
  "member_certainty_mean": 0.35626086032302196,
  "member_certainty_min": 0.06571327361191417,
  "member_certainty_max": 0.9969676819203769,
  "member_certainty_std": 0.29411553425745945,
  "prediction_dissimilarity_kl": 3.7836310753630378,
  "member_certainty_by_index": [
    0.978247344493866,
    0.18505889177322388,
    0.3153739273548126,
    0.4706103503704071,
    0.19781097769737244,
    0.5345445871353149,
    0.738611102104187,
    0.2572556436061859,
    0.1285848170518875,
    0.21302978694438934,
    0.13005706667900085,
    0.09986231476068497,
    0.23303164541721344,
    0.09684693813323975,
    0.11258235573768616,
    0.10760033130645752,
    0.09021590650081635,
    0.1428680419921875,
    0.07880772650241852,
    0.11529082804918289,
    0.9327392578125,
    0.12387870252132416,
    0.31734469532966614,
    0.1927279680967331,
    0.2948008179664612,
    0.6633970737457275,
    0.20236442983150482,
    0.14107109606266022,
    0.6463374495506287,
    0.5522413849830627,
    0.9771115183830261,
    0.9107067584991455,
    0.7831326723098755,
    0.15753135085105896,
    0.11460413038730621,
    0.12973639369010925,
    0.16987520456314087,
    0.2034415602684021,
    0.1228378489613533,
    0.07459013164043427,
    0.10549908876419067,
    0.5650778412818909,
    0.5132212042808533,
    0.11220388859510422,
    0.9860155582427979,
    0.9967694282531738,
    0.3720990717411041,
    0.2264397144317627,
    0.23387359082698822,
    0.7384244799613953,
    0.06891564279794693,
    0.4047650396823883,
    0.07258287072181702,
    0.08935073018074036,
    0.7156847715377808,
    0.6035592555999756,
    0.09066303819417953,
    0.702604353427887,
    0.28279024362564087,
    0.18085475265979767,
    0.4538712501525879,
    0.17194019258022308,
    0.9663733243942261,
    0.21035487949848175
  ],
  "most_certain_member_index": 45,
  "least_certain_member_index": 50,
  "member_certainty_range": 0.9278537854552269,
  "member_certainty_observed_count_min": 1888,
  "member_certainty_observed_count_max": 1888
}