{
  "k": 128,
  "total_params": 1000000,
  "scheduler": "min",
  "epochs": 2,
  "seq_len": 128,
  "batch_size": 12,
  "lr": 0.0003,
  "weight_decay": 0.1,
  "vocab_size": 32000,
  "max_train_batches": 128,
  "max_eval_batches": null,
  "compile": false,
  "num_workers": 2,
  "auto_batch_by_k": false,
  "active_column_fraction": 1.0,
  "grad_accum_steps": 12,
  "effective_train_batch_size": 12,
  "micro_train_batch_size": 1,
  "effective_eval_batch_size": 1,
  "active_column_count": 128,
  "train_sequences_seen": 3072,
  "train_tokens_seen": 393216,
  "eval_sequences_seen": 1888,
  "eval_tokens_seen": 241664,
  "d_model": 24,
  "ensemble_loss": 8.739229240154815,
  "avg_individual_loss": 18.16605814230644,
  "ensemble_gain": 9.426828902151625,
  "member_certainty_mean": 0.2880202079412796,
  "member_certainty_min": 0.04074187843638109,
  "member_certainty_max": 0.8656343770355491,
  "member_certainty_std": 0.22215741765448602,
  "prediction_dissimilarity_kl": 3.2135985046625137,
  "member_certainty_by_index": [
    0.22088618576526642,
    0.15617063641548157,
    0.119208924472332,
    0.12822173535823822,
    0.1579553633928299,
    0.13391262292861938,
    0.33446696400642395,
    0.1845303326845169,
    0.32439476251602173,
    0.37092098593711853,
    0.33846575021743774,
    0.2744509279727936,
    0.2852969467639923,
    0.06842657178640366,
    0.10834276676177979,
    0.21964189410209656,
    0.11421605199575424,
    0.14997388422489166,
    0.08972631394863129,
    0.0859106108546257,
    0.4718485474586487,
    0.6434669494628906,
    0.8091077208518982,
    0.7912028431892395,
    0.8275602459907532,
    0.8411532044410706,
    0.7797825336456299,
    0.1783008724451065,
    0.0936489850282669,
    0.36105474829673767,
    0.11449608206748962,
    0.19008803367614746,
    0.2526605725288391,
    0.20991460978984833,
    0.18486663699150085,
    0.1934851109981537,
    0.1987428516149521,
    0.2291611284017563,
    0.07188994437456131,
    0.4145389497280121,
    0.499875009059906,
    0.5303068161010742,
    0.4692082405090332,
    0.3382872939109802,
    0.09006818383932114,
    0.14419971406459808,
    0.3238588869571686,
    0.3701193332672119,
    0.18071883916854858,
    0.0774187371134758,
    0.07675390690565109,
    0.09556140005588531,
    0.18177106976509094,
    0.38883349299430847,
    0.44118577241897583,
    0.5889183878898621,
    0.6085566878318787,
    0.6412988901138306,
    0.6328751444816589,
    0.11809411644935608,
    0.07000763714313507,
    0.10332272201776505,
    0.07162640988826752,
    0.0816575214266777,
    0.08139781653881073,
    0.059962186962366104,
    0.058337122201919556,
    0.31402602791786194,
    0.3885691165924072,
    0.3997334837913513,
    0.40637820959091187,
    0.3880341649055481,
    0.27829477190971375,
    0.11029261350631714,
    0.4148501753807068,
    0.46298956871032715,
    0.6156547665596008,
    0.8066592216491699,
    0.26133468747138977,
    0.11598235368728638,
    0.23283830285072327,
    0.13483445346355438,
    0.200469508767128,
    0.20097075402736664,
    0.15539225935935974,
    0.09747310727834702,
    0.24612948298454285,
    0.33787524700164795,
    0.48219358921051025,
    0.07023530453443527,
    0.21565745770931244,
    0.2781318724155426,
    0.23454347252845764,
    0.13697446882724762,
    0.15787072479724884,
    0.44334501028060913,
    0.5390795469284058,
    0.46222928166389465,
    0.15005841851234436,
    0.14023791253566742,
    0.09383267909288406,
    0.16807477176189423,
    0.23019880056381226,
    0.2634434103965759,
    0.21025104820728302,
    0.6572665572166443,
    0.677912175655365,
    0.49780505895614624,
    0.29903876781463623,
    0.2011381983757019,
    0.12398919463157654,
    0.17738521099090576,
    0.16588237881660461,
    0.20148661732673645,
    0.3529358208179474,
    0.08698787540197372,
    0.13138805329799652,
    0.19939006865024567,
    0.1181085929274559,
    0.05314437672495842,
    0.09065236896276474,
    0.11473546922206879,
    0.07876342535018921,
    0.09756452590227127,
    0.33317214250564575,
    0.8049798011779785,
    0.789292573928833,
    0.7221148610115051
  ],
  "most_certain_member_index": 25,
  "least_certain_member_index": 119,
  "member_certainty_range": 0.7880088277161121,
  "member_certainty_observed_count_min": 1888,
  "member_certainty_observed_count_max": 1888
}