{
  "k": 128,
  "total_params": 10000000,
  "scheduler": "max",
  "epochs": 2,
  "seq_len": 128,
  "batch_size": 12,
  "lr": 0.0003,
  "weight_decay": 0.1,
  "vocab_size": 32000,
  "max_train_batches": 128,
  "max_eval_batches": null,
  "compile": false,
  "num_workers": 2,
  "auto_batch_by_k": false,
  "active_column_fraction": 1.0,
  "grad_accum_steps": 12,
  "effective_train_batch_size": 12,
  "micro_train_batch_size": 1,
  "effective_eval_batch_size": 1,
  "active_column_count": 128,
  "train_sequences_seen": 3072,
  "train_tokens_seen": 393216,
  "eval_sequences_seen": 1888,
  "eval_tokens_seen": 241664,
  "d_model": 80,
  "ensemble_loss": 8.14068676051447,
  "avg_individual_loss": 28.839785470800884,
  "ensemble_gain": 20.699098710286414,
  "member_certainty_mean": 0.407633346979017,
  "member_certainty_min": 0.06312073624921742,
  "member_certainty_max": 0.9999923556095968,
  "member_certainty_std": 0.3225741486017734,
  "prediction_dissimilarity_kl": 4.181162078754377,
  "member_certainty_by_index": [
    0.10152196884155273,
    0.335462361574173,
    0.4542754590511322,
    0.985185980796814,
    0.10243932157754898,
    0.15313966572284698,
    0.1435960978269577,
    0.6428923010826111,
    0.38164541125297546,
    0.6221787333488464,
    0.9651021361351013,
    0.1327505111694336,
    0.338259220123291,
    0.3644050061702728,
    0.18326154351234436,
    0.45961302518844604,
    0.3574128746986389,
    0.1752481758594513,
    0.11533556878566742,
    0.19475194811820984,
    0.7073010206222534,
    0.11757776141166687,
    0.690889835357666,
    0.10283637791872025,
    0.19878624379634857,
    0.10846405476331711,
    0.16828954219818115,
    0.20543703436851501,
    0.16083204746246338,
    0.13721655309200287,
    0.11149231344461441,
    0.9836761951446533,
    0.11747238785028458,
    0.17116057872772217,
    0.36454910039901733,
    0.17835447192192078,
    0.330972820520401,
    0.33094969391822815,
    0.2364722490310669,
    0.09460484981536865,
    0.1450752466917038,
    0.11771800369024277,
    0.26627475023269653,
    0.2671082615852356,
    0.5597305297851562,
    0.46098965406417847,
    0.9447125792503357,
    0.9680696725845337,
    0.9595208764076233,
    0.9677953124046326,
    0.07240384817123413,
    0.11402015388011932,
    0.09500667452812195,
    0.11743650585412979,
    0.1568545699119568,
    0.3021678328514099,
    0.8927848935127258,
    0.9738354682922363,
    0.10248435288667679,
    0.24536174535751343,
    0.11353134363889694,
    0.869896411895752,
    0.09554360061883926,
    0.3826957941055298,
    0.13038970530033112,
    0.1562439352273941,
    0.0956878736615181,
    0.29070085287094116,
    0.8202587962150574,
    0.9986573457717896,
    0.2345920354127884,
    0.6359625458717346,
    0.13655610382556915,
    0.317793607711792,
    0.06961658596992493,
    0.09851597994565964,
    0.899260938167572,
    0.6873236894607544,
    0.0933351218700409,
    0.3178795874118805,
    0.16484810411930084,
    0.25198930501937866,
    0.1138819009065628,
    0.22682537138462067,
    0.07363331317901611,
    0.6246855854988098,
    0.25407037138938904,
    0.3574405312538147,
    0.20383739471435547,
    0.10588712245225906,
    0.5339125990867615,
    0.9721344113349915,
    0.12068244814872742,
    0.7941057682037354,
    0.16456227004528046,
    0.2700206935405731,
    0.2434297353029251,
    0.20626837015151978,
    0.9359498023986816,
    0.9943908452987671,
    0.15080417692661285,
    0.9424450993537903,
    0.8001956343650818,
    0.23272158205509186,
    0.927947998046875,
    0.25970277190208435,
    0.12620820105075836,
    0.4962218701839447,
    0.08086089044809341,
    0.9997373223304749,
    0.9999921321868896,
    0.9995515942573547,
    0.950904369354248,
    0.1291336566209793,
    0.377553790807724,
    0.25982165336608887,
    0.6844396591186523,
    0.9989905953407288,
    0.9990818500518799,
    0.8281147480010986,
    0.5586965680122375,
    0.32571977376937866,
    0.23900514841079712,
    0.3706974983215332,
    0.5019047856330872,
    0.18319593369960785,
    0.9674807786941528,
    0.2737899422645569
  ],
  "most_certain_member_index": 110,
  "least_certain_member_index": 74,
  "member_certainty_range": 0.9303755462169647,
  "member_certainty_observed_count_min": 1888,
  "member_certainty_observed_count_max": 1888
}