{
  "k": 128,
  "total_params": 1000000,
  "scheduler": "max",
  "epochs": 2,
  "seq_len": 128,
  "batch_size": 12,
  "lr": 0.0003,
  "weight_decay": 0.1,
  "vocab_size": 32000,
  "max_train_batches": 128,
  "max_eval_batches": null,
  "compile": false,
  "num_workers": 2,
  "auto_batch_by_k": false,
  "active_column_fraction": 1.0,
  "grad_accum_steps": 12,
  "effective_train_batch_size": 12,
  "micro_train_batch_size": 1,
  "effective_eval_batch_size": 1,
  "active_column_count": 128,
  "train_sequences_seen": 3072,
  "train_tokens_seen": 393216,
  "eval_sequences_seen": 1888,
  "eval_tokens_seen": 241664,
  "d_model": 24,
  "ensemble_loss": 8.410655372476173,
  "avg_individual_loss": 18.570316460173007,
  "ensemble_gain": 10.159661087696835,
  "member_certainty_mean": 0.31892096847927165,
  "member_certainty_min": 0.03030413418211106,
  "member_certainty_max": 0.9869495373282392,
  "member_certainty_std": 0.2766019428401428,
  "prediction_dissimilarity_kl": 3.688415910480386,
  "member_certainty_by_index": [
    0.05842669680714607,
    0.19290199875831604,
    0.4251975417137146,
    0.08056329190731049,
    0.09922394156455994,
    0.04173193499445915,
    0.13744720816612244,
    0.08941862732172012,
    0.1285148411989212,
    0.04882954806089401,
    0.0324292927980423,
    0.6504380702972412,
    0.9014231562614441,
    0.21746575832366943,
    0.6518788933753967,
    0.7272831797599792,
    0.6261351704597473,
    0.3166872560977936,
    0.18588106334209442,
    0.6607385873794556,
    0.8818032145500183,
    0.7421314716339111,
    0.09631651639938354,
    0.060795851051807404,
    0.1099901869893074,
    0.25609463453292847,
    0.11230731755495071,
    0.7496740818023682,
    0.07842625677585602,
    0.542757511138916,
    0.9309921860694885,
    0.87100750207901,
    0.5862283706665039,
    0.3576483130455017,
    0.08192043006420135,
    0.8766458630561829,
    0.0746171697974205,
    0.21983541548252106,
    0.3095382750034332,
    0.11974826455116272,
    0.1356116086244583,
    0.4767937958240509,
    0.49560001492500305,
    0.4484208822250366,
    0.33983466029167175,
    0.16568446159362793,
    0.03634857013821602,
    0.0620851032435894,
    0.07739764451980591,
    0.08381539583206177,
    0.05013495311141014,
    0.1596129834651947,
    0.26019805669784546,
    0.040322303771972656,
    0.11168642342090607,
    0.46071258187294006,
    0.3207648694515228,
    0.6182339787483215,
    0.16746389865875244,
    0.04116753488779068,
    0.04488147422671318,
    0.05339699238538742,
    0.04691620543599129,
    0.09795379638671875,
    0.3605945110321045,
    0.34763407707214355,
    0.16908547282218933,
    0.1584704965353012,
    0.07695864886045456,
    0.6019662618637085,
    0.7706796526908875,
    0.7931204438209534,
    0.8212958574295044,
    0.8217551708221436,
    0.21492289006710052,
    0.06576629728078842,
    0.11102063953876495,
    0.25935661792755127,
    0.26559367775917053,
    0.41419127583503723,
    0.18860457837581635,
    0.4585578143596649,
    0.14115120470523834,
    0.8404122591018677,
    0.05659789219498634,
    0.05955587327480316,
    0.09004000574350357,
    0.03539109602570534,
    0.7069531679153442,
    0.17937888205051422,
    0.0541868731379509,
    0.08342514932155609,
    0.08528730273246765,
    0.04044104367494583,
    0.17734397947788239,
    0.12759791314601898,
    0.6767196655273438,
    0.05042305961251259,
    0.2145126312971115,
    0.13293498754501343,
    0.6580502390861511,
    0.7819145321846008,
    0.7457327842712402,
    0.11477096378803253,
    0.6698631048202515,
    0.6685799956321716,
    0.34610286355018616,
    0.08934924006462097,
    0.07334960997104645,
    0.06176169216632843,
    0.09993983805179596,
    0.985378086566925,
    0.12494152784347534,
    0.24564865231513977,
    0.3054591119289398,
    0.3027046024799347,
    0.30876782536506653,
    0.30332663655281067,
    0.08912193030118942,
    0.6451838612556458,
    0.766582727432251,
    0.7389249205589294,
    0.5657377243041992,
    0.15075287222862244,
    0.25398704409599304,
    0.16522876918315887,
    0.5473818778991699,
    0.23527847230434418
  ],
  "most_certain_member_index": 111,
  "least_certain_member_index": 10,
  "member_certainty_range": 0.9529487937688828,
  "member_certainty_observed_count_min": 1888,
  "member_certainty_observed_count_max": 1888
}