{
  "k": 16,
  "total_params": 10000000,
  "scheduler": "max",
  "epochs": 2,
  "seq_len": 128,
  "batch_size": 12,
  "lr": 0.0003,
  "weight_decay": 0.1,
  "vocab_size": 32000,
  "max_train_batches": 128,
  "max_eval_batches": null,
  "compile": false,
  "num_workers": 2,
  "auto_batch_by_k": false,
  "active_column_fraction": 1.0,
  "grad_accum_steps": 12,
  "effective_train_batch_size": 12,
  "micro_train_batch_size": 1,
  "effective_eval_batch_size": 1,
  "active_column_count": 16,
  "train_sequences_seen": 3072,
  "train_tokens_seen": 393216,
  "eval_sequences_seen": 1888,
  "eval_tokens_seen": 241664,
  "d_model": 228,
  "ensemble_loss": 8.814677786018889,
  "avg_individual_loss": 36.616774470119154,
  "ensemble_gain": 27.802096684100263,
  "member_certainty_mean": 0.3057016618549824,
  "member_certainty_min": 0.11022165163530637,
  "member_certainty_max": 0.7194453352525577,
  "member_certainty_std": 0.21536564074803966,
  "prediction_dissimilarity_kl": 2.6702006264763365,
  "member_certainty_by_index": [
    0.11797156929969788,
    0.17901545763015747,
    0.13829495012760162,
    0.6904419660568237,
    0.6411817073822021,
    0.2114274650812149,
    0.19276535511016846,
    0.17597630620002747,
    0.19843344390392303,
    0.2415027767419815,
    0.30781418085098267,
    0.6238501071929932,
    0.12356125563383102,
    0.711572527885437,
    0.15707288682460785,
    0.18034419417381287
  ],
  "most_certain_member_index": 13,
  "least_certain_member_index": 0,
  "member_certainty_range": 0.5936009585857391,
  "member_certainty_observed_count_min": 1888,
  "member_certainty_observed_count_max": 1888
}