{
  "k": 16,
  "total_params": 1000000,
  "scheduler": "max",
  "epochs": 2,
  "seq_len": 128,
  "batch_size": 12,
  "lr": 0.0003,
  "weight_decay": 0.1,
  "vocab_size": 32000,
  "max_train_batches": 128,
  "max_eval_batches": null,
  "compile": false,
  "num_workers": 2,
  "auto_batch_by_k": false,
  "active_column_fraction": 1.0,
  "grad_accum_steps": 12,
  "effective_train_batch_size": 12,
  "micro_train_batch_size": 1,
  "effective_eval_batch_size": 1,
  "active_column_count": 16,
  "train_sequences_seen": 3072,
  "train_tokens_seen": 393216,
  "eval_sequences_seen": 1888,
  "eval_tokens_seen": 241664,
  "d_model": 72,
  "ensemble_loss": 8.845924939391976,
  "avg_individual_loss": 24.364573440309297,
  "ensemble_gain": 15.51864850091732,
  "member_certainty_mean": 0.25641576850281683,
  "member_certainty_min": 0.06697477014553813,
  "member_certainty_max": 0.5129650849848986,
  "member_certainty_std": 0.1424136814756035,
  "prediction_dissimilarity_kl": 2.6282265925053823,
  "member_certainty_by_index": [
    0.14474265277385712,
    0.3581477403640747,
    0.4678385257720947,
    0.09772332012653351,
    0.27614250779151917,
    0.06715897470712662,
    0.3562241494655609,
    0.3152073919773102,
    0.1239958181977272,
    0.09806907176971436,
    0.267194539308548,
    0.48845094442367554,
    0.18564200401306152,
    0.21851785480976105,
    0.4957050383090973,
    0.14189153909683228
  ],
  "most_certain_member_index": 14,
  "least_certain_member_index": 5,
  "member_certainty_range": 0.4285460636019707,
  "member_certainty_observed_count_min": 1888,
  "member_certainty_observed_count_max": 1888
}