epoch,step,train_loss
0,0,21.246511300404865
1,0,18.06941302617391
