epoch,step,train_loss
0,0,67.36865933736165
1,0,51.10309886932373
