epoch,step,train_loss
0,0,14.75036907196045
1,0,14.606010357538858
