epoch,step,train_loss
0,0,22.80042298634847
1,0,22.10328467686971
