epoch,step,train_loss
0,0,15.092967669169107
1,0,14.442586342493692
