epoch,step,train_loss
0,0,64.02285544077556
1,0,48.49636745452881
