epoch,step,train_loss
0,0,27.38176727294922
1,0,23.000731627146404
