epoch,step,train_loss
0,0,29.00145149230957
1,0,27.79300594329834
