epoch,step,train_loss
0,0,29.505370140075684
1,0,26.422293345133465
