epoch,step,train_loss
0,0,17.551344235738117
1,0,16.96618366241455
