epoch,step,train_loss
0,0,30.553175767262776
1,0,29.257255395253498
