epoch,step,train_loss
0,0,18.692972977956135
1,0,17.18999656041463
