{
  "k": 128,
  "total_params": 1000000,
  "scheduler": "min",
  "epochs": 2,
  "seq_len": 128,
  "batch_size": 12,
  "lr": 0.0003,
  "weight_decay": 0.1,
  "vocab_size": 32000,
  "max_train_batches": 1,
  "max_eval_batches": 1,
  "compile": false,
  "num_workers": 2,
  "auto_batch_by_k": false,
  "active_column_fraction": 1.0,
  "grad_accum_steps": 12,
  "effective_train_batch_size": 12,
  "micro_train_batch_size": 1,
  "effective_eval_batch_size": 1,
  "active_column_count": 128,
  "train_sequences_seen": 24,
  "train_tokens_seen": 3072,
  "eval_sequences_seen": 1,
  "eval_tokens_seen": 128,
  "d_model": 24,
  "ensemble_loss": 13.792577743530273,
  "avg_individual_loss": 21.184947967529297,
  "ensemble_gain": 7.392370223999023,
  "member_certainty_mean": 0.37505918741226196,
  "member_certainty_min": 0.24095545709133148,
  "member_certainty_max": 0.5435887575149536,
  "member_certainty_std": 0.05745885893702507,
  "prediction_dissimilarity_kl": 3.4350240230560303,
  "member_certainty_by_index": [
    0.34169578552246094,
    0.36850613355636597,
    0.4740852415561676,
    0.32941365242004395,
    0.3253667652606964,
    0.24095545709133148,
    0.4156193137168884,
    0.40004962682724,
    0.3301353454589844,
    0.3478042185306549,
    0.3174898624420166,
    0.3415089249610901,
    0.4251044988632202,
    0.3772530257701874,
    0.3878862261772156,
    0.43358927965164185,
    0.4146650731563568,
    0.3828587532043457,
    0.33747154474258423,
    0.27967262268066406,
    0.33559268712997437,
    0.45069077610969543,
    0.48015153408050537,
    0.34086641669273376,
    0.4565278887748718,
    0.4133480489253998,
    0.3748326599597931,
    0.32040297985076904,
    0.4229254424571991,
    0.36249011754989624,
    0.3598214387893677,
    0.3925029933452606,
    0.3082754611968994,
    0.41442203521728516,
    0.3780221939086914,
    0.4329075515270233,
    0.40090882778167725,
    0.41577279567718506,
    0.4035458564758301,
    0.35430026054382324,
    0.30939996242523193,
    0.27922719717025757,
    0.3820127546787262,
    0.391843318939209,
    0.4291515052318573,
    0.43132728338241577,
    0.4258692264556885,
    0.3747527003288269,
    0.387959361076355,
    0.4106890559196472,
    0.3228943645954132,
    0.3075515925884247,
    0.44620510935783386,
    0.4021035432815552,
    0.3641566038131714,
    0.3247792720794678,
    0.3671645224094391,
    0.3522355854511261,
    0.4241392910480499,
    0.3604835271835327,
    0.4097578525543213,
    0.29872316122055054,
    0.3833964169025421,
    0.35124629735946655,
    0.2977840006351471,
    0.4466628432273865,
    0.3995935618877411,
    0.40637972950935364,
    0.4565585255622864,
    0.29454857110977173,
    0.3323396146297455,
    0.4881255030632019,
    0.5401484370231628,
    0.4683845639228821,
    0.3153040409088135,
    0.36152130365371704,
    0.3564581871032715,
    0.372173547744751,
    0.4424956738948822,
    0.38172996044158936,
    0.36172544956207275,
    0.3551867604255676,
    0.32908010482788086,
    0.3646051287651062,
    0.38389310240745544,
    0.29697349667549133,
    0.41184306144714355,
    0.3045787215232849,
    0.3115490674972534,
    0.35098516941070557,
    0.250508576631546,
    0.42203083634376526,
    0.3947993516921997,
    0.3347787857055664,
    0.26274996995925903,
    0.38018998503685,
    0.32336997985839844,
    0.5430269837379456,
    0.5435887575149536,
    0.34297770261764526,
    0.40776458382606506,
    0.37658390402793884,
    0.3134464919567108,
    0.2573382258415222,
    0.3131302297115326,
    0.39568156003952026,
    0.4268547296524048,
    0.3208997845649719,
    0.3492364287376404,
    0.3421010971069336,
    0.3280300498008728,
    0.35626041889190674,
    0.39046671986579895,
    0.34471023082733154,
    0.3522539734840393,
    0.3665752708911896,
    0.40819019079208374,
    0.3537381887435913,
    0.3838334083557129,
    0.3446839451789856,
    0.3678271770477295,
    0.37109658122062683,
    0.353141188621521,
    0.45290935039520264,
    0.5171293616294861,
    0.42531657218933105,
    0.3676486611366272,
    0.36556822061538696
  ],
  "most_certain_member_index": 98,
  "least_certain_member_index": 5,
  "member_certainty_range": 0.30263330042362213,
  "member_certainty_observed_count_min": 1,
  "member_certainty_observed_count_max": 1
}