{
  "k": 16,
  "total_params": 1000000,
  "scheduler": "min",
  "epochs": 2,
  "seq_len": 128,
  "batch_size": 12,
  "lr": 0.0003,
  "weight_decay": 0.1,
  "vocab_size": 32000,
  "max_train_batches": 1,
  "max_eval_batches": 1,
  "compile": false,
  "num_workers": 2,
  "auto_batch_by_k": false,
  "active_column_fraction": 1.0,
  "grad_accum_steps": 12,
  "effective_train_batch_size": 12,
  "micro_train_batch_size": 1,
  "effective_eval_batch_size": 1,
  "active_column_count": 16,
  "train_sequences_seen": 24,
  "train_tokens_seen": 3072,
  "eval_sequences_seen": 1,
  "eval_tokens_seen": 128,
  "d_model": 72,
  "ensemble_loss": 27.82902717590332,
  "avg_individual_loss": 34.804481506347656,
  "ensemble_gain": 6.975454330444336,
  "member_certainty_mean": 0.6730179786682129,
  "member_certainty_min": 0.6284289360046387,
  "member_certainty_max": 0.7077174186706543,
  "member_certainty_std": 0.02273106947541237,
  "prediction_dissimilarity_kl": 1.7006398439407349,
  "member_certainty_by_index": [
    0.6376941204071045,
    0.6601805686950684,
    0.6528786420822144,
    0.7003834843635559,
    0.6707549691200256,
    0.6904603242874146,
    0.7077174186706543,
    0.6542727947235107,
    0.6877656579017639,
    0.6284289360046387,
    0.6675664186477661,
    0.6829759478569031,
    0.696038544178009,
    0.6801373362541199,
    0.6542122960090637,
    0.6968203783035278
  ],
  "most_certain_member_index": 6,
  "least_certain_member_index": 9,
  "member_certainty_range": 0.07928848266601562,
  "member_certainty_observed_count_min": 1,
  "member_certainty_observed_count_max": 1
}