{
  "k": 128,
  "total_params": 10000000,
  "scheduler": "min",
  "epochs": 2,
  "seq_len": 128,
  "batch_size": 12,
  "lr": 0.0003,
  "weight_decay": 0.1,
  "vocab_size": 32000,
  "max_train_batches": 1,
  "max_eval_batches": 1,
  "compile": false,
  "num_workers": 2,
  "auto_batch_by_k": false,
  "active_column_fraction": 1.0,
  "grad_accum_steps": 12,
  "effective_train_batch_size": 12,
  "micro_train_batch_size": 1,
  "effective_eval_batch_size": 1,
  "active_column_count": 128,
  "train_sequences_seen": 24,
  "train_tokens_seen": 3072,
  "eval_sequences_seen": 1,
  "eval_tokens_seen": 128,
  "d_model": 80,
  "ensemble_loss": 19.38186264038086,
  "avg_individual_loss": 34.679100036621094,
  "ensemble_gain": 15.297237396240234,
  "member_certainty_mean": 0.6669267416000366,
  "member_certainty_min": 0.5001996755599976,
  "member_certainty_max": 0.9465668797492981,
  "member_certainty_std": 0.07915037125349045,
  "prediction_dissimilarity_kl": 3.7872767448425293,
  "member_certainty_by_index": [
    0.7364094257354736,
    0.6257566213607788,
    0.6519597768783569,
    0.5876115560531616,
    0.6654360294342041,
    0.6537913084030151,
    0.7172883749008179,
    0.7456461191177368,
    0.7146600484848022,
    0.7965055108070374,
    0.6779229640960693,
    0.812477707862854,
    0.7051628828048706,
    0.607306718826294,
    0.6019787788391113,
    0.6670872569084167,
    0.620824933052063,
    0.573462963104248,
    0.5953792333602905,
    0.5803136825561523,
    0.5567000508308411,
    0.6618947386741638,
    0.6193825602531433,
    0.6296567320823669,
    0.5001996755599976,
    0.691422700881958,
    0.6863865852355957,
    0.6765860319137573,
    0.6478245258331299,
    0.7170443534851074,
    0.6017385125160217,
    0.602126955986023,
    0.7375208139419556,
    0.7439466118812561,
    0.7323347330093384,
    0.7682624459266663,
    0.5660957098007202,
    0.6322137713432312,
    0.7401329278945923,
    0.6542595624923706,
    0.7697321176528931,
    0.8852494955062866,
    0.751714825630188,
    0.6567228436470032,
    0.5665723085403442,
    0.676263689994812,
    0.6741006970405579,
    0.9205576777458191,
    0.6188819408416748,
    0.5996401309967041,
    0.7522629499435425,
    0.7508593797683716,
    0.7982937097549438,
    0.8015530109405518,
    0.918317437171936,
    0.9465668797492981,
    0.6653134822845459,
    0.5662345290184021,
    0.6972286105155945,
    0.6156207323074341,
    0.674927294254303,
    0.6484506726264954,
    0.6573355197906494,
    0.6063952445983887,
    0.6140248775482178,
    0.6137580871582031,
    0.7041963338851929,
    0.6319800615310669,
    0.6394424438476562,
    0.6777903437614441,
    0.6235098838806152,
    0.6071963310241699,
    0.5560588836669922,
    0.62580406665802,
    0.621626615524292,
    0.7681266069412231,
    0.697209894657135,
    0.6050535440444946,
    0.7116587162017822,
    0.7018359899520874,
    0.5966464281082153,
    0.6567212343215942,
    0.5650292634963989,
    0.6205446720123291,
    0.6339243650436401,
    0.5633742809295654,
    0.6516375541687012,
    0.62154221534729,
    0.6437997817993164,
    0.6806945204734802,
    0.7732155323028564,
    0.7833799123764038,
    0.5893654823303223,
    0.6238547563552856,
    0.5970839262008667,
    0.6154905557632446,
    0.6696286797523499,
    0.6965293884277344,
    0.7086565494537354,
    0.6539262533187866,
    0.723619818687439,
    0.7315857410430908,
    0.6848857402801514,
    0.686233401298523,
    0.7291393280029297,
    0.7197470664978027,
    0.6568987965583801,
    0.5477744340896606,
    0.5740821957588196,
    0.5072084069252014,
    0.572616696357727,
    0.5076795220375061,
    0.6249164342880249,
    0.6387913227081299,
    0.6689040064811707,
    0.6990165114402771,
    0.624232828617096,
    0.6160136461257935,
    0.6508665680885315,
    0.6568974256515503,
    0.7398227453231812,
    0.6171904802322388,
    0.6153897643089294,
    0.6895339488983154,
    0.7537064552307129,
    0.6877075433731079,
    0.7252336740493774,
    0.6511049270629883
  ],
  "most_certain_member_index": 55,
  "least_certain_member_index": 24,
  "member_certainty_range": 0.44636720418930054,
  "member_certainty_observed_count_min": 1,
  "member_certainty_observed_count_max": 1
}