{
  "k": 64,
  "total_params": 1000000,
  "scheduler": "min",
  "epochs": 2,
  "seq_len": 128,
  "batch_size": 12,
  "lr": 0.0003,
  "weight_decay": 0.1,
  "vocab_size": 32000,
  "max_train_batches": 1,
  "max_eval_batches": 1,
  "compile": false,
  "num_workers": 2,
  "auto_batch_by_k": false,
  "active_column_fraction": 1.0,
  "grad_accum_steps": 12,
  "effective_train_batch_size": 12,
  "micro_train_batch_size": 1,
  "effective_eval_batch_size": 1,
  "active_column_count": 64,
  "train_sequences_seen": 24,
  "train_tokens_seen": 3072,
  "eval_sequences_seen": 1,
  "eval_tokens_seen": 128,
  "d_model": 36,
  "ensemble_loss": 17.22159194946289,
  "avg_individual_loss": 24.78427505493164,
  "ensemble_gain": 7.56268310546875,
  "member_certainty_mean": 0.5100225210189819,
  "member_certainty_min": 0.3839315176010132,
  "member_certainty_max": 0.6657764911651611,
  "member_certainty_std": 0.05626539885997772,
  "prediction_dissimilarity_kl": 3.145880937576294,
  "member_certainty_by_index": [
    0.5843731164932251,
    0.493452250957489,
    0.5376976728439331,
    0.5412070751190186,
    0.5679207444190979,
    0.4892542362213135,
    0.536521315574646,
    0.4981059432029724,
    0.608697772026062,
    0.5209999680519104,
    0.46885061264038086,
    0.44827979803085327,
    0.5625278353691101,
    0.43677446246147156,
    0.5397172570228577,
    0.5562039017677307,
    0.4850844740867615,
    0.4464457035064697,
    0.4805581569671631,
    0.49538853764533997,
    0.5453298091888428,
    0.5661708116531372,
    0.4797840714454651,
    0.5668230056762695,
    0.5603197813034058,
    0.43231523036956787,
    0.47463181614875793,
    0.48082178831100464,
    0.4953438639640808,
    0.49157196283340454,
    0.5364407896995544,
    0.5201106071472168,
    0.44299936294555664,
    0.4731798768043518,
    0.5730142593383789,
    0.4953038990497589,
    0.538681149482727,
    0.4751128852367401,
    0.5780805349349976,
    0.5953278541564941,
    0.5685673952102661,
    0.5753052830696106,
    0.49887365102767944,
    0.5649963617324829,
    0.5172149538993835,
    0.5174665451049805,
    0.43339383602142334,
    0.3839315176010132,
    0.39985889196395874,
    0.4520609974861145,
    0.49221277236938477,
    0.4257391095161438,
    0.4853740632534027,
    0.47622281312942505,
    0.6546574234962463,
    0.4527791142463684,
    0.46639567613601685,
    0.4899354577064514,
    0.447670578956604,
    0.5468002557754517,
    0.5001280307769775,
    0.5093538761138916,
    0.49730169773101807,
    0.6657764911651611
  ],
  "most_certain_member_index": 63,
  "least_certain_member_index": 47,
  "member_certainty_range": 0.28184497356414795,
  "member_certainty_observed_count_min": 1,
  "member_certainty_observed_count_max": 1
}