{
  "k": 64,
  "total_params": 10000000,
  "scheduler": "min",
  "epochs": 2,
  "seq_len": 128,
  "batch_size": 12,
  "lr": 0.0003,
  "weight_decay": 0.1,
  "vocab_size": 32000,
  "max_train_batches": 1,
  "max_eval_batches": 1,
  "compile": false,
  "num_workers": 2,
  "auto_batch_by_k": false,
  "active_column_fraction": 1.0,
  "grad_accum_steps": 12,
  "effective_train_batch_size": 12,
  "micro_train_batch_size": 1,
  "effective_eval_batch_size": 1,
  "active_column_count": 64,
  "train_sequences_seen": 24,
  "train_tokens_seen": 3072,
  "eval_sequences_seen": 1,
  "eval_tokens_seen": 128,
  "d_model": 114,
  "ensemble_loss": 22.960357666015625,
  "avg_individual_loss": 42.73295593261719,
  "ensemble_gain": 19.772598266601562,
  "member_certainty_mean": 0.7718923687934875,
  "member_certainty_min": 0.6168848276138306,
  "member_certainty_max": 0.9885792136192322,
  "member_certainty_std": 0.10085740685462952,
  "prediction_dissimilarity_kl": 3.0303890705108643,
  "member_certainty_by_index": [
    0.8341739773750305,
    0.7956386804580688,
    0.9709265828132629,
    0.6531063914299011,
    0.8491314649581909,
    0.7526987791061401,
    0.832089900970459,
    0.7455196976661682,
    0.7059176564216614,
    0.7643582820892334,
    0.727190375328064,
    0.7540267109870911,
    0.6938167810440063,
    0.7075750827789307,
    0.7543238401412964,
    0.7651524543762207,
    0.803674042224884,
    0.87845379114151,
    0.7687974572181702,
    0.9154115915298462,
    0.8874589204788208,
    0.9646528363227844,
    0.9751543998718262,
    0.9885792136192322,
    0.9821619987487793,
    0.9208891987800598,
    0.8853062391281128,
    0.6751118302345276,
    0.777085542678833,
    0.7058472633361816,
    0.7463762164115906,
    0.7115528583526611,
    0.6948293447494507,
    0.7261557579040527,
    0.7989614605903625,
    0.921803891658783,
    0.9720473289489746,
    0.9469196796417236,
    0.9268744587898254,
    0.7536174058914185,
    0.7447359561920166,
    0.7080709934234619,
    0.7628225088119507,
    0.7438869476318359,
    0.6530423760414124,
    0.7348279356956482,
    0.6580864787101746,
    0.680311381816864,
    0.6461127996444702,
    0.6560593247413635,
    0.7616527080535889,
    0.6994179487228394,
    0.6803833246231079,
    0.6168848276138306,
    0.73763108253479,
    0.6819730401039124,
    0.6602874994277954,
    0.6488260626792908,
    0.6889444589614868,
    0.7390835285186768,
    0.6804603934288025,
    0.7023826837539673,
    0.7343699932098389,
    0.7474868893623352
  ],
  "most_certain_member_index": 23,
  "least_certain_member_index": 53,
  "member_certainty_range": 0.3716943860054016,
  "member_certainty_observed_count_min": 1,
  "member_certainty_observed_count_max": 1
}