{
  "k": 16,
  "total_params": 10000000,
  "scheduler": "min",
  "epochs": 2,
  "seq_len": 128,
  "batch_size": 12,
  "lr": 0.0003,
  "weight_decay": 0.1,
  "vocab_size": 32000,
  "max_train_batches": 1,
  "max_eval_batches": 1,
  "compile": false,
  "num_workers": 2,
  "auto_batch_by_k": false,
  "active_column_fraction": 1.0,
  "grad_accum_steps": 12,
  "effective_train_batch_size": 12,
  "micro_train_batch_size": 1,
  "effective_eval_batch_size": 1,
  "active_column_count": 16,
  "train_sequences_seen": 24,
  "train_tokens_seen": 3072,
  "eval_sequences_seen": 1,
  "eval_tokens_seen": 128,
  "d_model": 228,
  "ensemble_loss": 40.50163269042969,
  "avg_individual_loss": 56.01648712158203,
  "ensemble_gain": 15.514854431152344,
  "member_certainty_mean": 0.8078529834747314,
  "member_certainty_min": 0.7544918656349182,
  "member_certainty_max": 0.8884773254394531,
  "member_certainty_std": 0.03247234225273132,
  "prediction_dissimilarity_kl": 1.7250114679336548,
  "member_certainty_by_index": [
    0.8258932828903198,
    0.827089786529541,
    0.8133791089057922,
    0.8173574805259705,
    0.8112828135490417,
    0.8012575507164001,
    0.8440096378326416,
    0.7674886584281921,
    0.7863112688064575,
    0.7659481763839722,
    0.7544918656349182,
    0.8165063858032227,
    0.7907679080963135,
    0.7839401364326477,
    0.831446647644043,
    0.8884773254394531
  ],
  "most_certain_member_index": 15,
  "least_certain_member_index": 10,
  "member_certainty_range": 0.1339854598045349,
  "member_certainty_observed_count_min": 1,
  "member_certainty_observed_count_max": 1
}