{
  "k": 128,
  "total_params": 1000000,
  "scheduler": "max",
  "epochs": 2,
  "seq_len": 128,
  "batch_size": 12,
  "lr": 0.0003,
  "weight_decay": 0.1,
  "vocab_size": 32000,
  "max_train_batches": 1,
  "max_eval_batches": 1,
  "compile": false,
  "num_workers": 2,
  "auto_batch_by_k": false,
  "active_column_fraction": 1.0,
  "grad_accum_steps": 12,
  "effective_train_batch_size": 12,
  "micro_train_batch_size": 1,
  "effective_eval_batch_size": 1,
  "active_column_count": 128,
  "train_sequences_seen": 24,
  "train_tokens_seen": 3072,
  "eval_sequences_seen": 1,
  "eval_tokens_seen": 128,
  "d_model": 24,
  "ensemble_loss": 14.15451717376709,
  "avg_individual_loss": 21.090625762939453,
  "ensemble_gain": 6.936108589172363,
  "member_certainty_mean": 0.37068575620651245,
  "member_certainty_min": 0.20394517481327057,
  "member_certainty_max": 0.6156318187713623,
  "member_certainty_std": 0.06511920690536499,
  "prediction_dissimilarity_kl": 3.8462631702423096,
  "member_certainty_by_index": [
    0.33061957359313965,
    0.3075714707374573,
    0.36063700914382935,
    0.4853421449661255,
    0.38279980421066284,
    0.33845818042755127,
    0.32736149430274963,
    0.522020161151886,
    0.4881898760795593,
    0.36430788040161133,
    0.2983497381210327,
    0.401065468788147,
    0.4431000351905823,
    0.25552886724472046,
    0.32783767580986023,
    0.28981125354766846,
    0.358433336019516,
    0.4592120945453644,
    0.3956165909767151,
    0.3661584258079529,
    0.39067232608795166,
    0.329525351524353,
    0.35996681451797485,
    0.29224061965942383,
    0.38924768567085266,
    0.37871044874191284,
    0.3640235662460327,
    0.3986107110977173,
    0.5378923416137695,
    0.34786343574523926,
    0.4779701232910156,
    0.3679651916027069,
    0.43767648935317993,
    0.41677194833755493,
    0.5236226320266724,
    0.27374371886253357,
    0.20394517481327057,
    0.3868282437324524,
    0.3552860915660858,
    0.3452037572860718,
    0.39006543159484863,
    0.2966606020927429,
    0.3700553774833679,
    0.31246232986450195,
    0.31191587448120117,
    0.31040114164352417,
    0.35853657126426697,
    0.3758615255355835,
    0.3672304153442383,
    0.4036938548088074,
    0.37126731872558594,
    0.4267421066761017,
    0.32074373960494995,
    0.34600067138671875,
    0.3894895315170288,
    0.3878334164619446,
    0.38492244482040405,
    0.3514513373374939,
    0.3526079058647156,
    0.37180495262145996,
    0.4035435616970062,
    0.4238787293434143,
    0.3153845965862274,
    0.36011093854904175,
    0.33705705404281616,
    0.3890475630760193,
    0.44184601306915283,
    0.4708017110824585,
    0.34483757615089417,
    0.3404353857040405,
    0.39091217517852783,
    0.3029640316963196,
    0.34702837467193604,
    0.3807893693447113,
    0.30330511927604675,
    0.5589650869369507,
    0.4280756711959839,
    0.3338470458984375,
    0.38477039337158203,
    0.44722118973731995,
    0.35884130001068115,
    0.4506928324699402,
    0.39729562401771545,
    0.3611208200454712,
    0.6156318187713623,
    0.40533965826034546,
    0.40802860260009766,
    0.3993401527404785,
    0.4431101381778717,
    0.4235464036464691,
    0.3925264775753021,
    0.41092348098754883,
    0.43395236134529114,
    0.35645347833633423,
    0.3643556833267212,
    0.35242193937301636,
    0.3108096122741699,
    0.4049221873283386,
    0.30128440260887146,
    0.3683489263057709,
    0.44683170318603516,
    0.41530272364616394,
    0.38230282068252563,
    0.406194806098938,
    0.35599619150161743,
    0.2573219835758209,
    0.2989688217639923,
    0.2767748236656189,
    0.2970202565193176,
    0.45482295751571655,
    0.38483357429504395,
    0.2735595703125,
    0.36324191093444824,
    0.2972384989261627,
    0.4395044445991516,
    0.2950671911239624,
    0.3513065576553345,
    0.3181746006011963,
    0.35018303990364075,
    0.3044474124908447,
    0.35670775175094604,
    0.32769009470939636,
    0.22780905663967133,
    0.2695913314819336,
    0.30912360548973083,
    0.3333843946456909,
    0.3867802023887634,
    0.32389193773269653
  ],
  "most_certain_member_index": 84,
  "least_certain_member_index": 36,
  "member_certainty_range": 0.41168664395809174,
  "member_certainty_observed_count_min": 1,
  "member_certainty_observed_count_max": 1
}