{
  "k": 64,
  "total_params": 10000000,
  "scheduler": "max",
  "epochs": 2,
  "seq_len": 128,
  "batch_size": 12,
  "lr": 0.0003,
  "weight_decay": 0.1,
  "vocab_size": 32000,
  "max_train_batches": 1,
  "max_eval_batches": 1,
  "compile": false,
  "num_workers": 2,
  "auto_batch_by_k": false,
  "active_column_fraction": 1.0,
  "grad_accum_steps": 12,
  "effective_train_batch_size": 12,
  "micro_train_batch_size": 1,
  "effective_eval_batch_size": 1,
  "active_column_count": 64,
  "train_sequences_seen": 24,
  "train_tokens_seen": 3072,
  "eval_sequences_seen": 1,
  "eval_tokens_seen": 128,
  "d_model": 114,
  "ensemble_loss": 21.899147033691406,
  "avg_individual_loss": 44.93022537231445,
  "ensemble_gain": 23.031078338623047,
  "member_certainty_mean": 0.7744108438491821,
  "member_certainty_min": 0.6505759954452515,
  "member_certainty_max": 0.9996402263641357,
  "member_certainty_std": 0.10582071542739868,
  "prediction_dissimilarity_kl": 3.535601854324341,
  "member_certainty_by_index": [
    0.8209473490715027,
    0.767642080783844,
    0.7636153101921082,
    0.9996402263641357,
    0.9862634539604187,
    0.9502280950546265,
    0.7289100885391235,
    0.6625763177871704,
    0.6927725076675415,
    0.663684606552124,
    0.6550958752632141,
    0.7603504657745361,
    0.6997678279876709,
    0.7107663750648499,
    0.7933180332183838,
    0.7127689719200134,
    0.9067738056182861,
    0.9627058506011963,
    0.7072749137878418,
    0.6750948429107666,
    0.7094625234603882,
    0.7246930599212646,
    0.7365216016769409,
    0.6890149116516113,
    0.7069629430770874,
    0.6518046259880066,
    0.7045423984527588,
    0.6631559133529663,
    0.7173742055892944,
    0.6505759954452515,
    0.6705008745193481,
    0.725999116897583,
    0.7757114171981812,
    0.7378254532814026,
    0.6866325736045837,
    0.7042709589004517,
    0.9513041973114014,
    0.7961454391479492,
    0.7196359038352966,
    0.7856007814407349,
    0.9841374158859253,
    0.9631575345993042,
    0.9920766353607178,
    0.9432879090309143,
    0.6774026155471802,
    0.6835061311721802,
    0.6903098225593567,
    0.7143796682357788,
    0.7387470602989197,
    0.7807967662811279,
    0.663813591003418,
    0.7233774065971375,
    0.7256914377212524,
    0.6795041561126709,
    0.8009593486785889,
    0.8028594255447388,
    0.7634629607200623,
    0.7596437335014343,
    0.830649197101593,
    0.9542616605758667,
    0.9894973039627075,
    0.8526953458786011,
    0.9311485290527344,
    0.7889978885650635
  ],
  "most_certain_member_index": 3,
  "least_certain_member_index": 29,
  "member_certainty_range": 0.3490642309188843,
  "member_certainty_observed_count_min": 1,
  "member_certainty_observed_count_max": 1
}