{
  "k": 64,
  "total_params": 1000000,
  "scheduler": "max",
  "epochs": 2,
  "seq_len": 128,
  "batch_size": 12,
  "lr": 0.0003,
  "weight_decay": 0.1,
  "vocab_size": 32000,
  "max_train_batches": 1,
  "max_eval_batches": 1,
  "compile": false,
  "num_workers": 2,
  "auto_batch_by_k": false,
  "active_column_fraction": 1.0,
  "grad_accum_steps": 12,
  "effective_train_batch_size": 12,
  "micro_train_batch_size": 1,
  "effective_eval_batch_size": 1,
  "active_column_count": 64,
  "train_sequences_seen": 24,
  "train_tokens_seen": 3072,
  "eval_sequences_seen": 1,
  "eval_tokens_seen": 128,
  "d_model": 36,
  "ensemble_loss": 16.69831657409668,
  "avg_individual_loss": 25.284385681152344,
  "ensemble_gain": 8.586069107055664,
  "member_certainty_mean": 0.4872450828552246,
  "member_certainty_min": 0.37522974610328674,
  "member_certainty_max": 0.6134215593338013,
  "member_certainty_std": 0.045097336173057556,
  "prediction_dissimilarity_kl": 3.546599864959717,
  "member_certainty_by_index": [
    0.4532468318939209,
    0.48489469289779663,
    0.4594593346118927,
    0.452489972114563,
    0.48051971197128296,
    0.530204176902771,
    0.5164598226547241,
    0.45744964480400085,
    0.45593929290771484,
    0.47419053316116333,
    0.5014688372612,
    0.47732508182525635,
    0.5832310914993286,
    0.44715070724487305,
    0.49555426836013794,
    0.46464502811431885,
    0.5156461000442505,
    0.5012726187705994,
    0.45738649368286133,
    0.5407389402389526,
    0.41731056571006775,
    0.5090323090553284,
    0.47662097215652466,
    0.4685981571674347,
    0.5314090251922607,
    0.6134215593338013,
    0.4963429570198059,
    0.43579089641571045,
    0.4626120924949646,
    0.37522974610328674,
    0.4054402709007263,
    0.4609276354312897,
    0.4996568262577057,
    0.4785560667514801,
    0.5283495187759399,
    0.4942978024482727,
    0.4377848505973816,
    0.5144779682159424,
    0.4294685423374176,
    0.40609991550445557,
    0.4961699843406677,
    0.47114190459251404,
    0.46551263332366943,
    0.48822808265686035,
    0.4903503656387329,
    0.5374369621276855,
    0.5190683007240295,
    0.5048314929008484,
    0.444256067276001,
    0.46092838048934937,
    0.6039569973945618,
    0.4815463125705719,
    0.5116711258888245,
    0.48902636766433716,
    0.4551476240158081,
    0.4566912353038788,
    0.4872291684150696,
    0.6058313250541687,
    0.5129361748695374,
    0.47546929121017456,
    0.4725441336631775,
    0.5503328442573547,
    0.5225515365600586,
    0.4901250898838043
  ],
  "most_certain_member_index": 25,
  "least_certain_member_index": 29,
  "member_certainty_range": 0.23819181323051453,
  "member_certainty_observed_count_min": 1,
  "member_certainty_observed_count_max": 1
}