{
  "k": 16,
  "total_params": 1000000,
  "scheduler": "max",
  "epochs": 2,
  "seq_len": 128,
  "batch_size": 12,
  "lr": 0.0003,
  "weight_decay": 0.1,
  "vocab_size": 32000,
  "max_train_batches": 1,
  "max_eval_batches": 1,
  "compile": false,
  "num_workers": 2,
  "auto_batch_by_k": false,
  "active_column_fraction": 1.0,
  "grad_accum_steps": 12,
  "effective_train_batch_size": 12,
  "micro_train_batch_size": 1,
  "effective_eval_batch_size": 1,
  "active_column_count": 16,
  "train_sequences_seen": 24,
  "train_tokens_seen": 3072,
  "eval_sequences_seen": 1,
  "eval_tokens_seen": 128,
  "d_model": 72,
  "ensemble_loss": 27.10112762451172,
  "avg_individual_loss": 35.58641815185547,
  "ensemble_gain": 8.48529052734375,
  "member_certainty_mean": 0.6578704118728638,
  "member_certainty_min": 0.627888023853302,
  "member_certainty_max": 0.7074841260910034,
  "member_certainty_std": 0.020866945385932922,
  "prediction_dissimilarity_kl": 2.218047857284546,
  "member_certainty_by_index": [
    0.6496074199676514,
    0.7074841260910034,
    0.6529002785682678,
    0.627888023853302,
    0.6292998194694519,
    0.6703920364379883,
    0.6541088819503784,
    0.683010458946228,
    0.641658365726471,
    0.6717751026153564,
    0.6404743194580078,
    0.6809988021850586,
    0.6522572636604309,
    0.6482555866241455,
    0.6424723863601685,
    0.6733434200286865
  ],
  "most_certain_member_index": 1,
  "least_certain_member_index": 3,
  "member_certainty_range": 0.07959610223770142,
  "member_certainty_observed_count_min": 1,
  "member_certainty_observed_count_max": 1
}