{
  "k": 128,
  "total_params": 10000000,
  "scheduler": "max",
  "epochs": 2,
  "seq_len": 128,
  "batch_size": 12,
  "lr": 0.0003,
  "weight_decay": 0.1,
  "vocab_size": 32000,
  "max_train_batches": 1,
  "max_eval_batches": 1,
  "compile": false,
  "num_workers": 2,
  "auto_batch_by_k": false,
  "active_column_fraction": 1.0,
  "grad_accum_steps": 12,
  "effective_train_batch_size": 12,
  "micro_train_batch_size": 1,
  "effective_eval_batch_size": 1,
  "active_column_count": 128,
  "train_sequences_seen": 24,
  "train_tokens_seen": 3072,
  "eval_sequences_seen": 1,
  "eval_tokens_seen": 128,
  "d_model": 80,
  "ensemble_loss": 15.4674072265625,
  "avg_individual_loss": 35.089744567871094,
  "ensemble_gain": 19.622337341308594,
  "member_certainty_mean": 0.6779415011405945,
  "member_certainty_min": 0.540247917175293,
  "member_certainty_max": 0.9892107248306274,
  "member_certainty_std": 0.09447339922189713,
  "prediction_dissimilarity_kl": 4.291141510009766,
  "member_certainty_by_index": [
    0.6606622934341431,
    0.6018639206886292,
    0.6645596027374268,
    0.6655741333961487,
    0.6515235900878906,
    0.6258300542831421,
    0.7037143707275391,
    0.7122051119804382,
    0.6534488797187805,
    0.7944281697273254,
    0.7329908609390259,
    0.6608657836914062,
    0.743769645690918,
    0.574401319026947,
    0.6395366191864014,
    0.6452507972717285,
    0.6359648704528809,
    0.6304320096969604,
    0.6057755947113037,
    0.7251911163330078,
    0.6136114001274109,
    0.8650720715522766,
    0.7695654034614563,
    0.9478274583816528,
    0.7620829343795776,
    0.6539160013198853,
    0.5912560820579529,
    0.6725940704345703,
    0.581439733505249,
    0.6881763935089111,
    0.5967023968696594,
    0.6712808609008789,
    0.6444557905197144,
    0.628989577293396,
    0.6458292007446289,
    0.6115627884864807,
    0.6045465469360352,
    0.6753049492835999,
    0.6263554096221924,
    0.7006018161773682,
    0.6249510049819946,
    0.6292018294334412,
    0.6959223747253418,
    0.6793367862701416,
    0.6242824792861938,
    0.6450007557868958,
    0.5998932123184204,
    0.6306144595146179,
    0.6871370077133179,
    0.635310173034668,
    0.691578209400177,
    0.6831893920898438,
    0.6463153958320618,
    0.7011971473693848,
    0.5684661269187927,
    0.6049438118934631,
    0.636425256729126,
    0.8806132674217224,
    0.8046568632125854,
    0.7952533960342407,
    0.7271667718887329,
    0.8179894089698792,
    0.8271353244781494,
    0.57818603515625,
    0.6247060894966125,
    0.6146301031112671,
    0.6231442093849182,
    0.7933908700942993,
    0.6104691028594971,
    0.6083688139915466,
    0.6828734874725342,
    0.6520740389823914,
    0.6482846736907959,
    0.6623901128768921,
    0.659163236618042,
    0.6308602094650269,
    0.6287319660186768,
    0.6567243337631226,
    0.6378726959228516,
    0.7271310091018677,
    0.632077157497406,
    0.6481810808181763,
    0.6510294675827026,
    0.5779018402099609,
    0.6753734946250916,
    0.9065346717834473,
    0.6405388116836548,
    0.6650413274765015,
    0.572196900844574,
    0.6184383034706116,
    0.6571341753005981,
    0.613639771938324,
    0.6307492256164551,
    0.5978318452835083,
    0.6772182583808899,
    0.571719229221344,
    0.6982024908065796,
    0.6186779737472534,
    0.5847557187080383,
    0.7006030082702637,
    0.6614288091659546,
    0.6565062403678894,
    0.6103660464286804,
    0.6214502453804016,
    0.9373389482498169,
    0.8360304236412048,
    0.9892107248306274,
    0.9825400114059448,
    0.9550107717514038,
    0.9873106479644775,
    0.9047905206680298,
    0.6697662472724915,
    0.6704418063163757,
    0.6757140159606934,
    0.6269468665122986,
    0.6240639090538025,
    0.6106408834457397,
    0.610261082649231,
    0.540247917175293,
    0.5873121619224548,
    0.6088548898696899,
    0.6053445935249329,
    0.6606632471084595,
    0.667406439781189,
    0.6123800277709961,
    0.6937140226364136,
    0.6803814768791199,
    0.7978043556213379
  ],
  "most_certain_member_index": 106,
  "least_certain_member_index": 118,
  "member_certainty_range": 0.4489628076553345,
  "member_certainty_observed_count_min": 1,
  "member_certainty_observed_count_max": 1
}