{
  "k": 16,
  "total_params": 10000000,
  "scheduler": "max",
  "epochs": 2,
  "seq_len": 128,
  "batch_size": 12,
  "lr": 0.0003,
  "weight_decay": 0.1,
  "vocab_size": 32000,
  "max_train_batches": 1,
  "max_eval_batches": 1,
  "compile": false,
  "num_workers": 2,
  "auto_batch_by_k": false,
  "active_column_fraction": 1.0,
  "grad_accum_steps": 12,
  "effective_train_batch_size": 12,
  "micro_train_batch_size": 1,
  "effective_eval_batch_size": 1,
  "active_column_count": 16,
  "train_sequences_seen": 24,
  "train_tokens_seen": 3072,
  "eval_sequences_seen": 1,
  "eval_tokens_seen": 128,
  "d_model": 228,
  "ensemble_loss": 39.86328125,
  "avg_individual_loss": 57.93775939941406,
  "ensemble_gain": 18.074478149414062,
  "member_certainty_mean": 0.8172405958175659,
  "member_certainty_min": 0.7387230396270752,
  "member_certainty_max": 0.8645345568656921,
  "member_certainty_std": 0.036703165620565414,
  "prediction_dissimilarity_kl": 1.8602359294891357,
  "member_certainty_by_index": [
    0.8003822565078735,
    0.7586025595664978,
    0.7387230396270752,
    0.7963106036186218,
    0.7703934907913208,
    0.8292214870452881,
    0.8351048827171326,
    0.8323101997375488,
    0.8565956950187683,
    0.8609000444412231,
    0.8645345568656921,
    0.8379502296447754,
    0.8621020317077637,
    0.8046234846115112,
    0.8101018071174622,
    0.8179931640625
  ],
  "most_certain_member_index": 10,
  "least_certain_member_index": 2,
  "member_certainty_range": 0.12581151723861694,
  "member_certainty_observed_count_min": 1,
  "member_certainty_observed_count_max": 1
}